run_id,stage,kind,timestamp,elapsed_s,epoch,step,gstep,lr,ss_loss,ss_accuracy,ss_majority,ss_macro_recall,ss_val_loss,ss_val_accuracy,ss_val_majority,ss_val_macro_recall,ss_val_lift,ss_generalisation_gap,ss_val_batches,probing_loss,probing_pearson,fitness_loss,fitness_spearman,fitness_pred_sd,ss_batches,probing_batches,fitness_batches,ss_passes,probing_passes,fitness_passes,fitness_val_spearman,fitness_val_assays,fitness_val_degenerate,fitness_val_min_pred_sd,fitness_transfer_spearman,fitness_transfer_assays,fitness_transfer_degenerate,fitness_generalisation_gap,n_oom,note
20261006T092326Z,stage23_seq,step,2026-10-06T09:28:05+00:00,279.6,0,100,100,0.0002989408471968848,1.349842,0.554358,0.541716,0.376776,,,,,,,,0.391917,0.339071,1.556323,0.256923,0.170152,100,100,100,0,0,0,,,,,,,,,0,
20261006T102305Z,stage23_seq,step,2026-10-06T10:28:17+00:00,312.6,0,50,50,0.0002956112073443616,1.394414,0.521681,0.539071,0.173511,,,,,,,,0.409902,0.31425,1.548464,0.235651,0.145756,50,50,50,1,0,0,,,,,,,,,0,
20261006T102305Z,stage23_seq,step,2026-10-06T10:33:50+00:00,645.2,0,100,100,0.0002801635850447535,1.249467,0.551785,0.53824,0.19944,,,,,,,,0.326536,0.418054,1.252706,0.446638,0.35139,100,100,100,2,0,0,,,,,,,,,0,
20261006T102305Z,stage23_seq,step,2026-10-06T10:39:20+00:00,974.7,0,150,150,0.0002548809532171217,1.207156,0.563115,0.54123,0.196099,,,,,,,,0.314603,0.431461,1.161995,0.542234,0.413718,150,150,150,3,0,0,,,,,,,,,0,
20261006T102305Z,stage23_seq,step,2026-10-06T10:45:08+00:00,1323.5,0,200,200,0.00022192245726165182,1.184089,0.57208,0.536412,0.210943,,,,,,,,0.313197,0.44498,1.102885,0.591153,0.480085,200,200,200,4,0,0,,,,,,,,,0,
20261006T102305Z,stage23_seq,step,2026-10-06T10:49:47+00:00,1602.1,0,250,250,0.00018410276399880986,1.191549,0.573118,0.540867,0.202734,,,,,,,,0.311563,0.450699,1.092837,0.596939,0.481066,250,250,250,5,0,1,,,,,,,,,0,
20261006T102305Z,stage23_seq,step,2026-10-06T10:54:21+00:00,1876.2,0,300,300,0.00014465168816076522,1.167709,0.578303,0.537365,0.215258,,,,,,,,0.305944,0.445529,1.028362,0.640472,0.564195,300,300,300,6,0,1,,,,,,,,,0,
20261006T102305Z,stage23_seq,step,2026-10-06T10:58:58+00:00,2153.1,0,350,350,0.00010693836510924859,1.147797,0.584977,0.541153,0.210086,,,,,,,,0.295248,0.463597,0.960702,0.674364,0.602171,350,350,350,7,0,1,,,,,,,,,0,
20261006T102305Z,stage23_seq,step,2026-10-06T11:03:44+00:00,2438.7,0,400,400,7.418352552402266e-05,1.135057,0.58819,0.53588,0.2081,,,,,,,,0.300696,0.459086,0.984821,0.650576,0.553854,400,400,400,8,0,1,,,,,,,,,0,
20261006T102305Z,stage23_seq,step,2026-10-06T11:08:15+00:00,2710.5,0,450,450,4.918444390192079e-05,1.159013,0.581029,0.541344,0.219038,,,,,,,,0.301635,0.464925,0.936202,0.679673,0.5922,450,450,450,9,0,1,,,,,,,,,0,
20261006T102305Z,stage23_seq,step,2026-10-06T11:13:03+00:00,2997.9,0,500,500,3.4076050358653334e-05,1.142263,0.589132,0.536984,0.219961,,,,,,,,0.298668,0.459481,0.849124,0.711578,0.658278,500,500,500,10,0,2,,,,,,,,,0,
20261006T102305Z,stage23_seq,epoch,2026-10-06T11:18:16+00:00,3311.2,0,541,541,,1.1932090093379981,0.5717359712130481,0.5393102850468895,0.20633089189829096,1.1588024582181657,0.5790030785969326,0.5320791006088257,0.2468385887997491,0.04692,-0.00727,7,0.3161699597804692,0.43798251457882054,1.0788979371682552,0.5852099589859869,0.4943490117571408,541,541,541,11,0,2,0.6043865727206398,12,0,0.28261858,0.08501288177907972,5,0,0.51937,0,
20261006T192053Z,stage23_seq,event,2026-10-06T19:20:53+00:00,0.0,1,541,541,,,,,,,,,,,,,,,,,,,,,,,,,,,,,,,,,resumed
20261006T192053Z,stage23_seq,step,2026-10-06T19:30:27+00:00,574.3,1,100,641,0.00028159015183457656,1.144473,0.587091,0.53973,0.21673,,,,,,,,0.305075,0.461867,1.035956,0.661721,0.544213,100,100,100,2,0,0,,,,,,,,,0,
20261006T192053Z,stage23_seq,step,2026-10-06T19:40:03+00:00,1150.2,1,200,741,0.0002751954966524702,1.175452,0.575306,0.538379,0.216408,,,,,,,,0.328906,0.455064,1.103289,0.571696,0.486032,200,200,200,4,0,0,,,,,,,,,0,
20261006T192053Z,stage23_seq,step,2026-10-06T19:49:25+00:00,1712.2,1,300,841,0.00026795738942434697,1.241124,0.562588,0.540045,0.198737,,,,,,,,0.379232,0.415201,1.294401,0.362667,0.339178,300,300,300,6,0,1,,,,,,,,,0,
