run_id,stage,kind,timestamp,elapsed_s,epoch,step,lr,loss,n_oom,peak_gib,note,part_contact,part_distance,part_dist_acc,part_dist_major,part_dist_lift,part_dist_macro,part_structure,part_structure_mse,part_mg,part_rigidity,part_fluctuation,part_base,part_lw,part_motif,part_balance,part_coev_frac,part_coev_norm,part_motif_gate,part_motif_eff,part_motif_top_share,part_n_lw,part_dist_n_class,part_n_pairs,part_torsion,part_tors_eta_mae,part_tors_eta_base,part_tors_eta_lift,part_tors_theta_mae,part_tors_theta_base,part_tors_theta_lift,part_tors_chi_tilde_mae,part_tors_chi_tilde_base,part_tors_chi_tilde_lift,part_n_eta,part_n_theta,part_n_chi_tilde,part_lw_acc,part_lw_major,part_lw_lift,part_lw_macro,part_lw_n_class,part_motif_acc,part_motif_major,part_motif_lift,part_motif_macro,part_motif_n_class,part_base_acc,part_base_major,part_base_lift,part_base_macro,part_base_n_class,part_mg_pos_rate,part_mg_auroc,part_rigidity_r,part_rigidity_base,part_rigidity_pred_sd,part_fluct_r,part_fluct_base,part_fluct_pred_sd,val_contact_ap,val_contact_ap_lift,val_contact_base_rate,val_contact_n,val_coev_frac,val_motif_eff,val_lw_acc,val_lw_major,val_lw_lift,val_lw_macro,val_lw_n_class,val_structure_loss,val_structure_mse,val_structure_violation,val_structure_bond_cn,val_structure_bond_pp,val_bond_cn_target_a,val_bond_pp_target_a,val_mg_base_rate,val_mg_average_precision,val_mg_ap_lift,val_mg_precision_at_calibrated_thr,val_mg_recall_at_calibrated_thr,val_rigidity_r_pooled,val_rigidity_n,val_motif_acc,val_motif_major,val_motif_lift,val_motif_macro,val_motif_n_class,val_tors_eta_mae,val_tors_eta_base,val_tors_eta_lift,val_tors_eta_n,val_tors_theta_mae,val_tors_theta_base,val_tors_theta_lift,val_tors_theta_n,val_tors_chi_tilde_mae,val_tors_chi_tilde_base,val_tors_chi_tilde_lift,val_tors_chi_tilde_n
20261006T221825Z,stage5_3d,event,2026-10-06T22:18:40+00:00,15.2,0,5,,,1,,OOM #1,,,,,,,,,,,,,,,,,,,,,,,,,,,,,,,,,,,,,,,,,,,,,,,,,,,,,,,,,,,,,,,,,,,,,,,,,,,,,,,,,,,,,,,,,,,,,,,,,,,,,
20261006T221825Z,stage5_3d,event,2026-10-06T22:18:41+00:00,16.3,0,6,,,2,,OOM #2,,,,,,,,,,,,,,,,,,,,,,,,,,,,,,,,,,,,,,,,,,,,,,,,,,,,,,,,,,,,,,,,,,,,,,,,,,,,,,,,,,,,,,,,,,,,,,,,,,,,,
20261006T221825Z,stage5_3d,event,2026-10-06T22:18:46+00:00,21.4,0,8,,,3,,OOM #3,,,,,,,,,,,,,,,,,,,,,,,,,,,,,,,,,,,,,,,,,,,,,,,,,,,,,,,,,,,,,,,,,,,,,,,,,,,,,,,,,,,,,,,,,,,,,,,,,,,,,
20261006T221825Z,stage5_3d,event,2026-10-06T22:18:48+00:00,22.9,0,9,,,4,,OOM #4,,,,,,,,,,,,,,,,,,,,,,,,,,,,,,,,,,,,,,,,,,,,,,,,,,,,,,,,,,,,,,,,,,,,,,,,,,,,,,,,,,,,,,,,,,,,,,,,,,,,,
20261006T221825Z,stage5_3d,event,2026-10-06T22:18:49+00:00,24.7,0,10,,,5,,OOM #5,,,,,,,,,,,,,,,,,,,,,,,,,,,,,,,,,,,,,,,,,,,,,,,,,,,,,,,,,,,,,,,,,,,,,,,,,,,,,,,,,,,,,,,,,,,,,,,,,,,,,
20261006T221825Z,stage5_3d,event,2026-10-06T22:18:51+00:00,26.2,0,11,,,6,,OOM #6,,,,,,,,,,,,,,,,,,,,,,,,,,,,,,,,,,,,,,,,,,,,,,,,,,,,,,,,,,,,,,,,,,,,,,,,,,,,,,,,,,,,,,,,,,,,,,,,,,,,,
20261006T221825Z,stage5_3d,event,2026-10-06T22:18:53+00:00,28.2,0,12,,,7,,OOM #7,,,,,,,,,,,,,,,,,,,,,,,,,,,,,,,,,,,,,,,,,,,,,,,,,,,,,,,,,,,,,,,,,,,,,,,,,,,,,,,,,,,,,,,,,,,,,,,,,,,,,
20261006T221825Z,stage5_3d,event,2026-10-06T22:19:04+00:00,39.5,0,16,,,8,,OOM #8,,,,,,,,,,,,,,,,,,,,,,,,,,,,,,,,,,,,,,,,,,,,,,,,,,,,,,,,,,,,,,,,,,,,,,,,,,,,,,,,,,,,,,,,,,,,,,,,,,,,,
20261006T221825Z,stage5_3d,event,2026-10-06T22:19:20+00:00,55.6,0,22,,,9,,OOM #9,,,,,,,,,,,,,,,,,,,,,,,,,,,,,,,,,,,,,,,,,,,,,,,,,,,,,,,,,,,,,,,,,,,,,,,,,,,,,,,,,,,,,,,,,,,,,,,,,,,,,
20261006T221825Z,stage5_3d,event,2026-10-06T22:19:33+00:00,68.4,0,26,,,10,,OOM #10,,,,,,,,,,,,,,,,,,,,,,,,,,,,,,,,,,,,,,,,,,,,,,,,,,,,,,,,,,,,,,,,,,,,,,,,,,,,,,,,,,,,,,,,,,,,,,,,,,,,,
20261006T221825Z,stage5_3d,event,2026-10-06T22:19:39+00:00,73.9,0,28,,,11,,OOM #11,,,,,,,,,,,,,,,,,,,,,,,,,,,,,,,,,,,,,,,,,,,,,,,,,,,,,,,,,,,,,,,,,,,,,,,,,,,,,,,,,,,,,,,,,,,,,,,,,,,,,
20261006T221825Z,stage5_3d,event,2026-10-06T22:19:52+00:00,87.3,0,32,,,12,,OOM #12,,,,,,,,,,,,,,,,,,,,,,,,,,,,,,,,,,,,,,,,,,,,,,,,,,,,,,,,,,,,,,,,,,,,,,,,,,,,,,,,,,,,,,,,,,,,,,,,,,,,,
20261006T221825Z,stage5_3d,event,2026-10-06T22:19:53+00:00,88.2,0,33,,,13,,OOM #13,,,,,,,,,,,,,,,,,,,,,,,,,,,,,,,,,,,,,,,,,,,,,,,,,,,,,,,,,,,,,,,,,,,,,,,,,,,,,,,,,,,,,,,,,,,,,,,,,,,,,
20261006T221825Z,stage5_3d,event,2026-10-06T22:19:55+00:00,90.4,0,34,,,14,,OOM #14,,,,,,,,,,,,,,,,,,,,,,,,,,,,,,,,,,,,,,,,,,,,,,,,,,,,,,,,,,,,,,,,,,,,,,,,,,,,,,,,,,,,,,,,,,,,,,,,,,,,,
20261006T221825Z,stage5_3d,event,2026-10-06T22:19:56+00:00,91.3,0,35,,,15,,OOM #15,,,,,,,,,,,,,,,,,,,,,,,,,,,,,,,,,,,,,,,,,,,,,,,,,,,,,,,,,,,,,,,,,,,,,,,,,,,,,,,,,,,,,,,,,,,,,,,,,,,,,
20261006T221825Z,stage5_3d,epoch,2026-10-06T22:20:18+00:00,112.8,0,40,0.00019657795591472932,5.627958,15,,,,,,,,,,,,,,,,,,,,,,,,,,,,,,,,,,,,,,,,,,,,,,,,,,,,,,,,,,,,,,0.5907,1.3,0.4541,609191,0.0298,1.0139,0.848,0.848,0.0,0.0887,11.4444,1.07,5.9229,1.1566,0.5855,0.571,3.38,6.01,0.0254,0.0325,1.28,0.0,0.0,0.0384,17704,0.6761,0.6874,-0.0112,0.3847,3.0,24.991,24.589,-0.402,82863,29.579,29.048,-0.531,83571,17.796,17.737,-0.059,83571
20261006T221825Z,stage5_3d,event,2026-10-06T22:20:50+00:00,144.9,1,47,,,16,,OOM #16,,,,,,,,,,,,,,,,,,,,,,,,,,,,,,,,,,,,,,,,,,,,,,,,,,,,,,,,,,,,,,,,,,,,,,,,,,,,,,,,,,,,,,,,,,,,,,,,,,,,,
20261006T221825Z,stage5_3d,step,2026-10-06T22:21:00+00:00,155.3,1,50,0.00019335214869268817,4.372305,16,78.41,,0.399161,2.523534,0.478177,0.478177,-0.0,0.025641,1.019489,2.714076,1.063619,0.314265,0.117411,0.330303,0.886628,0.632272,0.27394,0.093942,0.052359,0.147461,2.367237,0.484404,6555.0,39.0,,0.315439,22.308718,22.115427,-0.193291,26.965088,27.285046,0.319958,16.381205,15.877393,-0.503812,25611.0,25816.0,25816.0,0.784439,0.784439,-0.0,0.083333,12.0,0.745461,0.66364,0.08182,0.452697,3.0,1.0,1.0,0.0,1.0,1.0,0.02662,0.833639,0.518842,0.404975,0.326644,0.419927,0.135037,0.193864,,,,,,,,,,,,,,,,,,,,,,,,,,,,,,,,,,,,,,,,,,
20261006T221825Z,stage5_3d,event,2026-10-06T22:21:06+00:00,161.3,1,52,,,17,,OOM #17,,,,,,,,,,,,,,,,,,,,,,,,,,,,,,,,,,,,,,,,,,,,,,,,,,,,,,,,,,,,,,,,,,,,,,,,,,,,,,,,,,,,,,,,,,,,,,,,,,,,,
20261006T221825Z,stage5_3d,event,2026-10-06T22:21:13+00:00,168.0,1,55,,,18,,OOM #18,,,,,,,,,,,,,,,,,,,,,,,,,,,,,,,,,,,,,,,,,,,,,,,,,,,,,,,,,,,,,,,,,,,,,,,,,,,,,,,,,,,,,,,,,,,,,,,,,,,,,
20261006T221825Z,stage5_3d,event,2026-10-06T22:21:18+00:00,173.2,1,57,,,19,,OOM #19,,,,,,,,,,,,,,,,,,,,,,,,,,,,,,,,,,,,,,,,,,,,,,,,,,,,,,,,,,,,,,,,,,,,,,,,,,,,,,,,,,,,,,,,,,,,,,,,,,,,,
20261006T221825Z,stage5_3d,event,2026-10-06T22:21:25+00:00,180.5,1,60,,,20,,OOM #20,,,,,,,,,,,,,,,,,,,,,,,,,,,,,,,,,,,,,,,,,,,,,,,,,,,,,,,,,,,,,,,,,,,,,,,,,,,,,,,,,,,,,,,,,,,,,,,,,,,,,
20261006T221825Z,stage5_3d,event,2026-10-06T22:21:49+00:00,204.3,1,68,,,21,,OOM #21,,,,,,,,,,,,,,,,,,,,,,,,,,,,,,,,,,,,,,,,,,,,,,,,,,,,,,,,,,,,,,,,,,,,,,,,,,,,,,,,,,,,,,,,,,,,,,,,,,,,,
20261006T221825Z,stage5_3d,event,2026-10-06T22:21:51+00:00,205.9,1,69,,,22,,OOM #22,,,,,,,,,,,,,,,,,,,,,,,,,,,,,,,,,,,,,,,,,,,,,,,,,,,,,,,,,,,,,,,,,,,,,,,,,,,,,,,,,,,,,,,,,,,,,,,,,,,,,
20261006T221825Z,stage5_3d,event,2026-10-06T22:21:52+00:00,207.1,1,70,,,23,,OOM #23,,,,,,,,,,,,,,,,,,,,,,,,,,,,,,,,,,,,,,,,,,,,,,,,,,,,,,,,,,,,,,,,,,,,,,,,,,,,,,,,,,,,,,,,,,,,,,,,,,,,,
20261006T221825Z,stage5_3d,event,2026-10-06T22:21:54+00:00,208.8,1,71,,,24,,OOM #24,,,,,,,,,,,,,,,,,,,,,,,,,,,,,,,,,,,,,,,,,,,,,,,,,,,,,,,,,,,,,,,,,,,,,,,,,,,,,,,,,,,,,,,,,,,,,,,,,,,,,
20261006T221825Z,stage5_3d,event,2026-10-06T22:21:54+00:00,209.6,1,72,,,25,,OOM #25,,,,,,,,,,,,,,,,,,,,,,,,,,,,,,,,,,,,,,,,,,,,,,,,,,,,,,,,,,,,,,,,,,,,,,,,,,,,,,,,,,,,,,,,,,,,,,,,,,,,,
20261006T221825Z,stage5_3d,event,2026-10-06T22:22:08+00:00,223.0,1,77,,,26,,OOM #26,,,,,,,,,,,,,,,,,,,,,,,,,,,,,,,,,,,,,,,,,,,,,,,,,,,,,,,,,,,,,,,,,,,,,,,,,,,,,,,,,,,,,,,,,,,,,,,,,,,,,
20261006T221825Z,stage5_3d,event,2026-10-06T22:22:14+00:00,229.3,1,79,,,27,,OOM #27,,,,,,,,,,,,,,,,,,,,,,,,,,,,,,,,,,,,,,,,,,,,,,,,,,,,,,,,,,,,,,,,,,,,,,,,,,,,,,,,,,,,,,,,,,,,,,,,,,,,,
20261006T221825Z,stage5_3d,epoch,2026-10-06T22:22:22+00:00,237.7,1,80,0.00017777974695840301,4.201575,27,,,,,,,,,,,,,,,,,,,,,,,,,,,,,,,,,,,,,,,,,,,,,,,,,,,,,,,,,,,,,,0.7476,1.65,0.4541,609191,0.0298,2.5057,0.8497,0.8482,0.0015,0.0919,11.4444,0.9947,5.4704,0.7774,0.3925,0.3849,3.38,6.01,0.0254,0.061,2.4,0.0,0.0,0.086,17704,0.6749,0.6874,-0.0124,0.3956,3.0,25.678,24.589,-1.089,82863,29.916,29.048,-0.868,83571,18.135,17.737,-0.398,83571
20261006T221825Z,stage5_3d,event,2026-10-06T22:22:38+00:00,253.2,2,82,,,28,,OOM #28,,,,,,,,,,,,,,,,,,,,,,,,,,,,,,,,,,,,,,,,,,,,,,,,,,,,,,,,,,,,,,,,,,,,,,,,,,,,,,,,,,,,,,,,,,,,,,,,,,,,,
20261006T221825Z,stage5_3d,event,2026-10-06T22:22:39+00:00,254.5,2,83,,,29,,OOM #29,,,,,,,,,,,,,,,,,,,,,,,,,,,,,,,,,,,,,,,,,,,,,,,,,,,,,,,,,,,,,,,,,,,,,,,,,,,,,,,,,,,,,,,,,,,,,,,,,,,,,
20261006T221825Z,stage5_3d,event,2026-10-06T22:22:52+00:00,267.7,2,88,,,30,,OOM #30,,,,,,,,,,,,,,,,,,,,,,,,,,,,,,,,,,,,,,,,,,,,,,,,,,,,,,,,,,,,,,,,,,,,,,,,,,,,,,,,,,,,,,,,,,,,,,,,,,,,,
20261006T221825Z,stage5_3d,step,2026-10-06T22:23:37+00:00,312.0,2,100,0.0001630746320333073,4.035533,30,78.45,,0.326427,2.657209,0.420395,0.420395,0.0,0.025644,0.948866,2.068538,0.985392,0.403189,0.156053,0.00201,0.597325,0.699298,0.241351,0.041515,0.115297,0.143555,6.839494,0.229761,9286.0,39.0,,0.368179,26.580027,25.67145,-0.908577,29.452612,28.940994,-0.511618,17.438736,17.845404,0.406668,25414.0,25767.0,25767.0,0.847512,0.844389,0.003123,0.093141,13.0,0.734701,0.728632,0.00607,0.389345,3.0,1.0,1.0,-0.0,1.0,1.0,0.017315,0.853519,0.184264,0.408001,0.278988,0.195824,0.15762,0.181203,,,,,,,,,,,,,,,,,,,,,,,,,,,,,,,,,,,,,,,,,,
20261006T221825Z,stage5_3d,event,2026-10-06T22:23:46+00:00,320.8,2,103,,,31,,OOM #31,,,,,,,,,,,,,,,,,,,,,,,,,,,,,,,,,,,,,,,,,,,,,,,,,,,,,,,,,,,,,,,,,,,,,,,,,,,,,,,,,,,,,,,,,,,,,,,,,,,,,
20261006T221825Z,stage5_3d,event,2026-10-06T22:23:46+00:00,321.6,2,104,,,32,,OOM #32,,,,,,,,,,,,,,,,,,,,,,,,,,,,,,,,,,,,,,,,,,,,,,,,,,,,,,,,,,,,,,,,,,,,,,,,,,,,,,,,,,,,,,,,,,,,,,,,,,,,,
20261006T221825Z,stage5_3d,event,2026-10-06T22:23:49+00:00,323.8,2,105,,,33,,OOM #33,,,,,,,,,,,,,,,,,,,,,,,,,,,,,,,,,,,,,,,,,,,,,,,,,,,,,,,,,,,,,,,,,,,,,,,,,,,,,,,,,,,,,,,,,,,,,,,,,,,,,
20261006T221825Z,stage5_3d,event,2026-10-06T22:23:59+00:00,333.9,2,109,,,34,,OOM #34,,,,,,,,,,,,,,,,,,,,,,,,,,,,,,,,,,,,,,,,,,,,,,,,,,,,,,,,,,,,,,,,,,,,,,,,,,,,,,,,,,,,,,,,,,,,,,,,,,,,,
20261006T221825Z,stage5_3d,event,2026-10-06T22:24:06+00:00,340.9,2,112,,,35,,OOM #35,,,,,,,,,,,,,,,,,,,,,,,,,,,,,,,,,,,,,,,,,,,,,,,,,,,,,,,,,,,,,,,,,,,,,,,,,,,,,,,,,,,,,,,,,,,,,,,,,,,,,
20261006T221825Z,stage5_3d,event,2026-10-06T22:24:08+00:00,342.8,2,113,,,36,,OOM #36,,,,,,,,,,,,,,,,,,,,,,,,,,,,,,,,,,,,,,,,,,,,,,,,,,,,,,,,,,,,,,,,,,,,,,,,,,,,,,,,,,,,,,,,,,,,,,,,,,,,,
20261006T221825Z,stage5_3d,event,2026-10-06T22:24:19+00:00,354.7,2,117,,,37,,OOM #37,,,,,,,,,,,,,,,,,,,,,,,,,,,,,,,,,,,,,,,,,,,,,,,,,,,,,,,,,,,,,,,,,,,,,,,,,,,,,,,,,,,,,,,,,,,,,,,,,,,,,
20261006T221825Z,stage5_3d,event,2026-10-06T22:24:21+00:00,356.8,2,118,,,38,,OOM #38,,,,,,,,,,,,,,,,,,,,,,,,,,,,,,,,,,,,,,,,,,,,,,,,,,,,,,,,,,,,,,,,,,,,,,,,,,,,,,,,,,,,,,,,,,,,,,,,,,,,,
20261006T221825Z,stage5_3d,event,2026-10-06T22:24:23+00:00,358.4,2,119,,,39,,OOM #39,,,,,,,,,,,,,,,,,,,,,,,,,,,,,,,,,,,,,,,,,,,,,,,,,,,,,,,,,,,,,,,,,,,,,,,,,,,,,,,,,,,,,,,,,,,,,,,,,,,,,
20261006T221825Z,stage5_3d,epoch,2026-10-06T22:24:29+00:00,364.7,2,119,0.00014655955007420766,3.858978,39,,,,,,,,,,,,,,,,,,,,,,,,,,,,,,,,,,,,,,,,,,,,,,,,,,,,,,,,,,,,,,0.7915,1.74,0.4541,609191,0.03,7.147,0.8522,0.8489,0.0034,0.111,11.4444,0.9541,5.4611,0.6786,0.3533,0.3253,3.38,6.01,0.0254,0.0627,2.47,0.0,0.0,0.0858,17704,0.6731,0.6874,-0.0142,0.4001,3.0,26.616,24.589,-2.026,82863,31.702,29.048,-2.654,83571,18.099,17.737,-0.362,83571
20261006T221825Z,stage5_3d,event,2026-10-06T22:24:41+00:00,376.0,3,120,,,40,,OOM #40,,,,,,,,,,,,,,,,,,,,,,,,,,,,,,,,,,,,,,,,,,,,,,,,,,,,,,,,,,,,,,,,,,,,,,,,,,,,,,,,,,,,,,,,,,,,,,,,,,,,,
20261006T221825Z,stage5_3d,event,2026-10-06T22:24:42+00:00,377.2,3,121,,,41,,OOM #41,,,,,,,,,,,,,,,,,,,,,,,,,,,,,,,,,,,,,,,,,,,,,,,,,,,,,,,,,,,,,,,,,,,,,,,,,,,,,,,,,,,,,,,,,,,,,,,,,,,,,
20261006T221825Z,stage5_3d,event,2026-10-06T22:24:43+00:00,378.5,3,122,,,42,,OOM #42,,,,,,,,,,,,,,,,,,,,,,,,,,,,,,,,,,,,,,,,,,,,,,,,,,,,,,,,,,,,,,,,,,,,,,,,,,,,,,,,,,,,,,,,,,,,,,,,,,,,,
20261006T221825Z,stage5_3d,event,2026-10-06T22:24:45+00:00,380.1,3,123,,,43,,OOM #43,,,,,,,,,,,,,,,,,,,,,,,,,,,,,,,,,,,,,,,,,,,,,,,,,,,,,,,,,,,,,,,,,,,,,,,,,,,,,,,,,,,,,,,,,,,,,,,,,,,,,
20261006T221825Z,stage5_3d,event,2026-10-06T22:24:46+00:00,381.5,3,124,,,44,,OOM #44,,,,,,,,,,,,,,,,,,,,,,,,,,,,,,,,,,,,,,,,,,,,,,,,,,,,,,,,,,,,,,,,,,,,,,,,,,,,,,,,,,,,,,,,,,,,,,,,,,,,,
20261006T221825Z,stage5_3d,event,2026-10-06T22:24:48+00:00,383.1,3,125,,,45,,OOM #45,,,,,,,,,,,,,,,,,,,,,,,,,,,,,,,,,,,,,,,,,,,,,,,,,,,,,,,,,,,,,,,,,,,,,,,,,,,,,,,,,,,,,,,,,,,,,,,,,,,,,
20261006T221825Z,stage5_3d,event,2026-10-06T22:24:49+00:00,384.6,3,126,,,46,,OOM #46,,,,,,,,,,,,,,,,,,,,,,,,,,,,,,,,,,,,,,,,,,,,,,,,,,,,,,,,,,,,,,,,,,,,,,,,,,,,,,,,,,,,,,,,,,,,,,,,,,,,,
20261006T221825Z,stage5_3d,event,2026-10-06T22:24:51+00:00,385.8,3,127,,,47,,OOM #47,,,,,,,,,,,,,,,,,,,,,,,,,,,,,,,,,,,,,,,,,,,,,,,,,,,,,,,,,,,,,,,,,,,,,,,,,,,,,,,,,,,,,,,,,,,,,,,,,,,,,
20261006T221825Z,stage5_3d,event,2026-10-06T22:24:52+00:00,387.2,3,128,,,48,,OOM #48,,,,,,,,,,,,,,,,,,,,,,,,,,,,,,,,,,,,,,,,,,,,,,,,,,,,,,,,,,,,,,,,,,,,,,,,,,,,,,,,,,,,,,,,,,,,,,,,,,,,,
20261006T221825Z,stage5_3d,event,2026-10-06T22:25:27+00:00,422.3,3,140,,,49,,OOM #49,,,,,,,,,,,,,,,,,,,,,,,,,,,,,,,,,,,,,,,,,,,,,,,,,,,,,,,,,,,,,,,,,,,,,,,,,,,,,,,,,,,,,,,,,,,,,,,,,,,,,
20261006T221825Z,stage5_3d,event,2026-10-06T22:25:28+00:00,423.5,3,141,,,50,,OOM #50,,,,,,,,,,,,,,,,,,,,,,,,,,,,,,,,,,,,,,,,,,,,,,,,,,,,,,,,,,,,,,,,,,,,,,,,,,,,,,,,,,,,,,,,,,,,,,,,,,,,,
20261006T221825Z,stage5_3d,event,2026-10-06T22:25:33+00:00,428.4,3,144,,,51,,OOM #51,,,,,,,,,,,,,,,,,,,,,,,,,,,,,,,,,,,,,,,,,,,,,,,,,,,,,,,,,,,,,,,,,,,,,,,,,,,,,,,,,,,,,,,,,,,,,,,,,,,,,
20261006T221825Z,stage5_3d,event,2026-10-06T22:25:35+00:00,430.3,3,145,,,52,,OOM #52,,,,,,,,,,,,,,,,,,,,,,,,,,,,,,,,,,,,,,,,,,,,,,,,,,,,,,,,,,,,,,,,,,,,,,,,,,,,,,,,,,,,,,,,,,,,,,,,,,,,,
20261006T221825Z,stage5_3d,event,2026-10-06T22:25:37+00:00,432.5,3,146,,,53,,OOM #53,,,,,,,,,,,,,,,,,,,,,,,,,,,,,,,,,,,,,,,,,,,,,,,,,,,,,,,,,,,,,,,,,,,,,,,,,,,,,,,,,,,,,,,,,,,,,,,,,,,,,
20261006T221825Z,stage5_3d,event,2026-10-06T22:25:38+00:00,433.6,3,147,,,54,,OOM #54,,,,,,,,,,,,,,,,,,,,,,,,,,,,,,,,,,,,,,,,,,,,,,,,,,,,,,,,,,,,,,,,,,,,,,,,,,,,,,,,,,,,,,,,,,,,,,,,,,,,,
20261006T221825Z,stage5_3d,event,2026-10-06T22:25:40+00:00,435.2,3,148,,,55,,OOM #55,,,,,,,,,,,,,,,,,,,,,,,,,,,,,,,,,,,,,,,,,,,,,,,,,,,,,,,,,,,,,,,,,,,,,,,,,,,,,,,,,,,,,,,,,,,,,,,,,,,,,
20261006T221825Z,stage5_3d,step,2026-10-06T22:25:45+00:00,440.1,3,150,0.00011602232203299727,3.8925,55,78.45,,0.331188,2.394374,0.465566,0.465358,0.000208,0.025881,0.903377,2.775059,0.808076,0.203168,0.077186,,0.493476,0.461039,0.279395,0.103689,0.151648,0.225586,13.474667,0.145435,6958.0,39.0,,0.233081,19.640955,21.764582,2.123627,22.113724,27.04822,4.934496,13.650605,16.037659,2.387053,25614.0,25822.0,25822.0,0.87827,0.786864,0.091406,0.370827,11.0,0.850019,0.648177,0.201842,0.727063,3.0,,,,,,0.030538,0.893874,0.72947,0.402138,0.63393,0.706016,0.139919,0.355135,,,,,,,,,,,,,,,,,,,,,,,,,,,,,,,,,,,,,,,,,,
20261006T221825Z,stage5_3d,event,2026-10-06T22:25:48+00:00,442.8,3,151,,,56,,OOM #56,,,,,,,,,,,,,,,,,,,,,,,,,,,,,,,,,,,,,,,,,,,,,,,,,,,,,,,,,,,,,,,,,,,,,,,,,,,,,,,,,,,,,,,,,,,,,,,,,,,,,
20261006T221825Z,stage5_3d,epoch,2026-10-06T22:26:17+00:00,472.4,3,159,0.00010669790704576268,3.802199,56,,,,,,,,,,,,,,,,,,,,,,,,,,,,,,,,,,,,,,,,,,,,,,,,,,,,,,,,,,,,,,0.7941,1.75,0.4541,609191,0.0299,9.5895,0.853,0.8479,0.0051,0.1234,11.4444,0.9283,5.4573,0.6068,0.3295,0.2772,3.38,6.01,0.0254,0.069,2.72,0.5,0.0009,0.109,17704,0.6842,0.6874,-0.0031,0.389,3.0,25.935,24.589,-1.346,82863,30.419,29.048,-1.371,83571,18.01,17.737,-0.273,83571
20261006T221825Z,stage5_3d,event,2026-10-06T22:26:30+00:00,484.9,4,160,,,57,,OOM #57,,,,,,,,,,,,,,,,,,,,,,,,,,,,,,,,,,,,,,,,,,,,,,,,,,,,,,,,,,,,,,,,,,,,,,,,,,,,,,,,,,,,,,,,,,,,,,,,,,,,,
20261006T221825Z,stage5_3d,event,2026-10-06T22:26:33+00:00,488.7,4,162,,,58,,OOM #58,,,,,,,,,,,,,,,,,,,,,,,,,,,,,,,,,,,,,,,,,,,,,,,,,,,,,,,,,,,,,,,,,,,,,,,,,,,,,,,,,,,,,,,,,,,,,,,,,,,,,
20261006T221825Z,stage5_3d,event,2026-10-06T22:26:38+00:00,493.4,4,164,,,59,,OOM #59,,,,,,,,,,,,,,,,,,,,,,,,,,,,,,,,,,,,,,,,,,,,,,,,,,,,,,,,,,,,,,,,,,,,,,,,,,,,,,,,,,,,,,,,,,,,,,,,,,,,,
20261006T221825Z,stage5_3d,event,2026-10-06T22:26:48+00:00,503.5,4,168,,,60,,OOM #60,,,,,,,,,,,,,,,,,,,,,,,,,,,,,,,,,,,,,,,,,,,,,,,,,,,,,,,,,,,,,,,,,,,,,,,,,,,,,,,,,,,,,,,,,,,,,,,,,,,,,
20261006T221825Z,stage5_3d,event,2026-10-06T22:26:55+00:00,510.1,4,171,,,61,,OOM #61,,,,,,,,,,,,,,,,,,,,,,,,,,,,,,,,,,,,,,,,,,,,,,,,,,,,,,,,,,,,,,,,,,,,,,,,,,,,,,,,,,,,,,,,,,,,,,,,,,,,,
20261006T221825Z,stage5_3d,event,2026-10-06T22:27:00+00:00,515.3,4,173,,,62,,OOM #62,,,,,,,,,,,,,,,,,,,,,,,,,,,,,,,,,,,,,,,,,,,,,,,,,,,,,,,,,,,,,,,,,,,,,,,,,,,,,,,,,,,,,,,,,,,,,,,,,,,,,
20261006T221825Z,stage5_3d,event,2026-10-06T22:27:13+00:00,528.3,4,178,,,63,,OOM #63,,,,,,,,,,,,,,,,,,,,,,,,,,,,,,,,,,,,,,,,,,,,,,,,,,,,,,,,,,,,,,,,,,,,,,,,,,,,,,,,,,,,,,,,,,,,,,,,,,,,,
20261006T221825Z,stage5_3d,event,2026-10-06T22:27:33+00:00,548.3,4,185,,,64,,OOM #64,,,,,,,,,,,,,,,,,,,,,,,,,,,,,,,,,,,,,,,,,,,,,,,,,,,,,,,,,,,,,,,,,,,,,,,,,,,,,,,,,,,,,,,,,,,,,,,,,,,,,
20261006T221825Z,stage5_3d,event,2026-10-06T22:27:52+00:00,567.0,4,192,,,65,,OOM #65,,,,,,,,,,,,,,,,,,,,,,,,,,,,,,,,,,,,,,,,,,,,,,,,,,,,,,,,,,,,,,,,,,,,,,,,,,,,,,,,,,,,,,,,,,,,,,,,,,,,,
20261006T221825Z,stage5_3d,event,2026-10-06T22:27:56+00:00,571.7,4,195,,,66,,OOM #66,,,,,,,,,,,,,,,,,,,,,,,,,,,,,,,,,,,,,,,,,,,,,,,,,,,,,,,,,,,,,,,,,,,,,,,,,,,,,,,,,,,,,,,,,,,,,,,,,,,,,
20261006T221825Z,stage5_3d,epoch,2026-10-06T22:28:15+00:00,590.3,4,199,6.568690339836234e-05,3.569736,66,,,,,,,,,,,,,,,,,,,,,,,,,,,,,,,,,,,,,,,,,,,,,,,,,,,,,,,,,,,,,,0.7987,1.76,0.4541,609191,0.0297,10.0006,0.8552,0.8479,0.0073,0.1371,11.4444,0.9098,5.4577,0.5539,0.3077,0.2461,3.38,6.01,0.0254,0.0688,2.71,0.6667,0.0018,0.12,17704,0.6798,0.6874,-0.0075,0.3957,3.0,25.966,24.589,-1.376,82863,30.074,29.048,-1.026,83571,17.778,17.737,-0.041,83571
20261006T221825Z,stage5_3d,event,2026-10-06T22:28:28+00:00,603.3,5,200,,,67,,OOM #67,,,,,,,,,,,,,,,,,,,,,,,,,,,,,,,,,,,,,,,,,,,,,,,,,,,,,,,,,,,,,,,,,,,,,,,,,,,,,,,,,,,,,,,,,,,,,,,,,,,,,
20261006T221825Z,stage5_3d,event,2026-10-06T22:28:50+00:00,625.4,5,208,,,68,,OOM #68,,,,,,,,,,,,,,,,,,,,,,,,,,,,,,,,,,,,,,,,,,,,,,,,,,,,,,,,,,,,,,,,,,,,,,,,,,,,,,,,,,,,,,,,,,,,,,,,,,,,,
20261006T221825Z,stage5_3d,event,2026-10-06T22:28:52+00:00,627.7,5,209,,,69,,OOM #69,,,,,,,,,,,,,,,,,,,,,,,,,,,,,,,,,,,,,,,,,,,,,,,,,,,,,,,,,,,,,,,,,,,,,,,,,,,,,,,,,,,,,,,,,,,,,,,,,,,,,
20261006T221825Z,stage5_3d,event,2026-10-06T22:29:00+00:00,635.7,5,213,,,70,,OOM #70,,,,,,,,,,,,,,,,,,,,,,,,,,,,,,,,,,,,,,,,,,,,,,,,,,,,,,,,,,,,,,,,,,,,,,,,,,,,,,,,,,,,,,,,,,,,,,,,,,,,,
20261006T221825Z,stage5_3d,event,2026-10-06T22:29:03+00:00,638.3,5,214,,,71,,OOM #71,,,,,,,,,,,,,,,,,,,,,,,,,,,,,,,,,,,,,,,,,,,,,,,,,,,,,,,,,,,,,,,,,,,,,,,,,,,,,,,,,,,,,,,,,,,,,,,,,,,,,
20261006T221825Z,stage5_3d,event,2026-10-06T22:29:24+00:00,659.3,5,222,,,72,,OOM #72,,,,,,,,,,,,,,,,,,,,,,,,,,,,,,,,,,,,,,,,,,,,,,,,,,,,,,,,,,,,,,,,,,,,,,,,,,,,,,,,,,,,,,,,,,,,,,,,,,,,,
20261006T221825Z,stage5_3d,event,2026-10-06T22:29:34+00:00,669.3,5,226,,,73,,OOM #73,,,,,,,,,,,,,,,,,,,,,,,,,,,,,,,,,,,,,,,,,,,,,,,,,,,,,,,,,,,,,,,,,,,,,,,,,,,,,,,,,,,,,,,,,,,,,,,,,,,,,
20261006T221825Z,stage5_3d,event,2026-10-06T22:29:49+00:00,684.2,5,232,,,74,,OOM #74,,,,,,,,,,,,,,,,,,,,,,,,,,,,,,,,,,,,,,,,,,,,,,,,,,,,,,,,,,,,,,,,,,,,,,,,,,,,,,,,,,,,,,,,,,,,,,,,,,,,,
20261006T221825Z,stage5_3d,event,2026-10-06T22:29:58+00:00,693.2,5,236,,,75,,OOM #75,,,,,,,,,,,,,,,,,,,,,,,,,,,,,,,,,,,,,,,,,,,,,,,,,,,,,,,,,,,,,,,,,,,,,,,,,,,,,,,,,,,,,,,,,,,,,,,,,,,,,
20261006T221825Z,stage5_3d,event,2026-10-06T22:30:03+00:00,698.4,5,238,,,76,,OOM #76,,,,,,,,,,,,,,,,,,,,,,,,,,,,,,,,,,,,,,,,,,,,,,,,,,,,,,,,,,,,,,,,,,,,,,,,,,,,,,,,,,,,,,,,,,,,,,,,,,,,,
20261006T221825Z,stage5_3d,epoch,2026-10-06T22:30:12+00:00,707.0,5,239,3.056444625387787e-05,3.548001,76,,,,,,,,,,,,,,,,,,,,,,,,,,,,,,,,,,,,,,,,,,,,,,,,,,,,,,,,,,,,,,0.8055,1.77,0.4541,609191,0.0295,8.2927,0.8556,0.8481,0.0075,0.1401,11.4444,0.8979,5.389,0.5212,0.2953,0.2259,3.38,6.01,0.0254,0.0715,2.82,0.6667,0.0055,0.1171,17704,0.6798,0.6874,-0.0075,0.3989,3.0,25.94,24.589,-1.351,82863,29.897,29.048,-0.849,83571,17.56,17.737,0.177,83571
20261006T221825Z,stage5_3d,event,2026-10-06T22:30:31+00:00,726.4,6,243,,,77,,OOM #77,,,,,,,,,,,,,,,,,,,,,,,,,,,,,,,,,,,,,,,,,,,,,,,,,,,,,,,,,,,,,,,,,,,,,,,,,,,,,,,,,,,,,,,,,,,,,,,,,,,,,
20261006T221825Z,stage5_3d,event,2026-10-06T22:30:32+00:00,727.6,6,244,,,78,,OOM #78,,,,,,,,,,,,,,,,,,,,,,,,,,,,,,,,,,,,,,,,,,,,,,,,,,,,,,,,,,,,,,,,,,,,,,,,,,,,,,,,,,,,,,,,,,,,,,,,,,,,,
20261006T221825Z,stage5_3d,event,2026-10-06T22:30:34+00:00,729.2,6,245,,,79,,OOM #79,,,,,,,,,,,,,,,,,,,,,,,,,,,,,,,,,,,,,,,,,,,,,,,,,,,,,,,,,,,,,,,,,,,,,,,,,,,,,,,,,,,,,,,,,,,,,,,,,,,,,
20261006T221825Z,stage5_3d,event,2026-10-06T22:30:36+00:00,731.5,6,246,,,80,,OOM #80,,,,,,,,,,,,,,,,,,,,,,,,,,,,,,,,,,,,,,,,,,,,,,,,,,,,,,,,,,,,,,,,,,,,,,,,,,,,,,,,,,,,,,,,,,,,,,,,,,,,,
20261006T221825Z,stage5_3d,event,2026-10-06T22:30:45+00:00,739.8,6,249,,,81,,OOM #81,,,,,,,,,,,,,,,,,,,,,,,,,,,,,,,,,,,,,,,,,,,,,,,,,,,,,,,,,,,,,,,,,,,,,,,,,,,,,,,,,,,,,,,,,,,,,,,,,,,,,
20261006T221825Z,stage5_3d,step,2026-10-06T22:30:47+00:00,742.4,6,250,2.2781418322704175e-05,3.444106,81,78.45,,0.29561,2.259757,0.468311,0.465246,0.003065,0.029577,0.862668,2.161199,0.748581,0.196711,0.069014,,0.348938,0.337359,0.450952,0.10412,0.199317,0.231445,10.540779,0.202819,6861.0,39.0,,0.164473,15.968173,21.679407,5.711234,17.028383,26.820801,9.792418,12.011039,15.919447,3.908408,25448.0,25653.0,25653.0,0.909488,0.78458,0.124909,0.552278,11.0,0.89995,0.654223,0.245728,0.816309,3.0,,,,,,0.030459,0.910692,0.726645,0.396594,0.674948,0.739374,0.142763,0.435868,,,,,,,,,,,,,,,,,,,,,,,,,,,,,,,,,,,,,,,,,,
20261006T221825Z,stage5_3d,event,2026-10-06T22:30:49+00:00,744.0,6,251,,,82,,OOM #82,,,,,,,,,,,,,,,,,,,,,,,,,,,,,,,,,,,,,,,,,,,,,,,,,,,,,,,,,,,,,,,,,,,,,,,,,,,,,,,,,,,,,,,,,,,,,,,,,,,,,
20261006T221825Z,stage5_3d,event,2026-10-06T22:31:00+00:00,755.6,6,256,,,83,,OOM #83,,,,,,,,,,,,,,,,,,,,,,,,,,,,,,,,,,,,,,,,,,,,,,,,,,,,,,,,,,,,,,,,,,,,,,,,,,,,,,,,,,,,,,,,,,,,,,,,,,,,,
20261006T221825Z,stage5_3d,event,2026-10-06T22:31:05+00:00,759.8,6,258,,,84,,OOM #84,,,,,,,,,,,,,,,,,,,,,,,,,,,,,,,,,,,,,,,,,,,,,,,,,,,,,,,,,,,,,,,,,,,,,,,,,,,,,,,,,,,,,,,,,,,,,,,,,,,,,
20261006T221825Z,stage5_3d,event,2026-10-06T22:31:20+00:00,774.8,6,264,,,85,,OOM #85,,,,,,,,,,,,,,,,,,,,,,,,,,,,,,,,,,,,,,,,,,,,,,,,,,,,,,,,,,,,,,,,,,,,,,,,,,,,,,,,,,,,,,,,,,,,,,,,,,,,,
20261006T221825Z,stage5_3d,event,2026-10-06T22:31:31+00:00,785.8,6,268,,,86,,OOM #86,,,,,,,,,,,,,,,,,,,,,,,,,,,,,,,,,,,,,,,,,,,,,,,,,,,,,,,,,,,,,,,,,,,,,,,,,,,,,,,,,,,,,,,,,,,,,,,,,,,,,
20261006T221825Z,stage5_3d,event,2026-10-06T22:31:42+00:00,797.1,6,272,,,87,,OOM #87,,,,,,,,,,,,,,,,,,,,,,,,,,,,,,,,,,,,,,,,,,,,,,,,,,,,,,,,,,,,,,,,,,,,,,,,,,,,,,,,,,,,,,,,,,,,,,,,,,,,,
20261006T221825Z,stage5_3d,event,2026-10-06T22:31:44+00:00,799.5,6,273,,,88,,OOM #88,,,,,,,,,,,,,,,,,,,,,,,,,,,,,,,,,,,,,,,,,,,,,,,,,,,,,,,,,,,,,,,,,,,,,,,,,,,,,,,,,,,,,,,,,,,,,,,,,,,,,
20261006T221825Z,stage5_3d,event,2026-10-06T22:31:46+00:00,800.9,6,274,,,89,,OOM #89,,,,,,,,,,,,,,,,,,,,,,,,,,,,,,,,,,,,,,,,,,,,,,,,,,,,,,,,,,,,,,,,,,,,,,,,,,,,,,,,,,,,,,,,,,,,,,,,,,,,,
20261006T221825Z,stage5_3d,event,2026-10-06T22:31:47+00:00,802.5,6,275,,,90,,OOM #90,,,,,,,,,,,,,,,,,,,,,,,,,,,,,,,,,,,,,,,,,,,,,,,,,,,,,,,,,,,,,,,,,,,,,,,,,,,,,,,,,,,,,,,,,,,,,,,,,,,,,
20261006T221825Z,stage5_3d,event,2026-10-06T22:31:48+00:00,803.7,6,276,,,91,,OOM #91,,,,,,,,,,,,,,,,,,,,,,,,,,,,,,,,,,,,,,,,,,,,,,,,,,,,,,,,,,,,,,,,,,,,,,,,,,,,,,,,,,,,,,,,,,,,,,,,,,,,,
20261006T221825Z,stage5_3d,epoch,2026-10-06T22:32:00+00:00,815.7,6,278,7.755673696613783e-06,3.480512,91,,,,,,,,,,,,,,,,,,,,,,,,,,,,,,,,,,,,,,,,,,,,,,,,,,,,,,,,,,,,,,0.8076,1.78,0.4541,609191,0.03,6.9922,0.8554,0.8481,0.0072,0.1487,11.4444,0.8954,5.409,0.5117,0.2911,0.2207,3.38,6.01,0.0254,0.0683,2.69,0.32,0.0037,0.1142,17704,0.6777,0.6874,-0.0097,0.4006,3.0,25.869,24.589,-1.279,82863,29.807,29.048,-0.759,83571,17.64,17.737,0.097,83571
20261006T221825Z,stage5_3d,event,2026-10-06T22:32:36+00:00,851.5,7,288,,,92,,OOM #92,,,,,,,,,,,,,,,,,,,,,,,,,,,,,,,,,,,,,,,,,,,,,,,,,,,,,,,,,,,,,,,,,,,,,,,,,,,,,,,,,,,,,,,,,,,,,,,,,,,,,
20261006T221825Z,stage5_3d,event,2026-10-06T22:32:39+00:00,854.2,7,289,,,93,,OOM #93,,,,,,,,,,,,,,,,,,,,,,,,,,,,,,,,,,,,,,,,,,,,,,,,,,,,,,,,,,,,,,,,,,,,,,,,,,,,,,,,,,,,,,,,,,,,,,,,,,,,,
20261006T221825Z,stage5_3d,event,2026-10-06T22:32:40+00:00,855.6,7,290,,,94,,OOM #94,,,,,,,,,,,,,,,,,,,,,,,,,,,,,,,,,,,,,,,,,,,,,,,,,,,,,,,,,,,,,,,,,,,,,,,,,,,,,,,,,,,,,,,,,,,,,,,,,,,,,
20261006T221825Z,stage5_3d,event,2026-10-06T22:32:41+00:00,856.4,7,291,,,95,,OOM #95,,,,,,,,,,,,,,,,,,,,,,,,,,,,,,,,,,,,,,,,,,,,,,,,,,,,,,,,,,,,,,,,,,,,,,,,,,,,,,,,,,,,,,,,,,,,,,,,,,,,,
20261006T221825Z,stage5_3d,event,2026-10-06T22:32:43+00:00,858.2,7,292,,,96,,OOM #96,,,,,,,,,,,,,,,,,,,,,,,,,,,,,,,,,,,,,,,,,,,,,,,,,,,,,,,,,,,,,,,,,,,,,,,,,,,,,,,,,,,,,,,,,,,,,,,,,,,,,
20261006T221825Z,stage5_3d,event,2026-10-06T22:33:00+00:00,875.7,7,298,,,97,,OOM #97,,,,,,,,,,,,,,,,,,,,,,,,,,,,,,,,,,,,,,,,,,,,,,,,,,,,,,,,,,,,,,,,,,,,,,,,,,,,,,,,,,,,,,,,,,,,,,,,,,,,,
20261006T221825Z,stage5_3d,event,2026-10-06T22:33:03+00:00,878.2,7,299,,,98,,OOM #98,,,,,,,,,,,,,,,,,,,,,,,,,,,,,,,,,,,,,,,,,,,,,,,,,,,,,,,,,,,,,,,,,,,,,,,,,,,,,,,,,,,,,,,,,,,,,,,,,,,,,
20261006T221825Z,stage5_3d,step,2026-10-06T22:33:17+00:00,892.6,7,300,1.390540577549563e-06,3.490662,98,78.46,,0.293964,2.21001,0.48024,0.477194,0.003045,0.029824,0.843923,3.620316,0.838943,0.19866,0.064368,,0.41205,0.389482,0.247862,0.097661,0.202722,0.246094,11.419866,0.157797,6879.0,39.0,,0.216375,18.86179,22.547131,3.685341,20.785673,27.791691,7.006018,13.330067,16.278791,2.948725,25839.0,26048.0,26048.0,0.891118,0.784126,0.106992,0.433815,11.0,0.868513,0.664594,0.20392,0.743063,3.0,,,,,,0.024887,0.879466,0.737225,0.405954,0.67174,0.754392,0.138042,0.390851,,,,,,,,,,,,,,,,,,,,,,,,,,,,,,,,,,,,,,,,,,
20261006T221825Z,stage5_3d,event,2026-10-06T22:33:21+00:00,896.0,7,302,,,99,,OOM #99,,,,,,,,,,,,,,,,,,,,,,,,,,,,,,,,,,,,,,,,,,,,,,,,,,,,,,,,,,,,,,,,,,,,,,,,,,,,,,,,,,,,,,,,,,,,,,,,,,,,,
20261006T221825Z,stage5_3d,event,2026-10-06T22:33:46+00:00,921.6,7,311,,,100,,OOM #100,,,,,,,,,,,,,,,,,,,,,,,,,,,,,,,,,,,,,,,,,,,,,,,,,,,,,,,,,,,,,,,,,,,,,,,,,,,,,,,,,,,,,,,,,,,,,,,,,,,,,
20261006T221825Z,stage5_3d,event,2026-10-06T22:33:55+00:00,929.8,7,314,,,101,,OOM #101,,,,,,,,,,,,,,,,,,,,,,,,,,,,,,,,,,,,,,,,,,,,,,,,,,,,,,,,,,,,,,,,,,,,,,,,,,,,,,,,,,,,,,,,,,,,,,,,,,,,,
20261006T221825Z,stage5_3d,event,2026-10-06T22:33:57+00:00,932.3,7,315,,,102,,OOM #102,,,,,,,,,,,,,,,,,,,,,,,,,,,,,,,,,,,,,,,,,,,,,,,,,,,,,,,,,,,,,,,,,,,,,,,,,,,,,,,,,,,,,,,,,,,,,,,,,,,,,
20261006T221825Z,stage5_3d,epoch,2026-10-06T22:34:09+00:00,944.4,7,317,7.999999999999999e-10,3.498369,102,,,,,,,,,,,,,,,,,,,,,,,,,,,,,,,,,,,,,,,,,,,,,,,,,,,,,,,,,,,,,,0.806,1.77,0.4541,609191,0.0297,6.6073,0.857,0.8487,0.0084,0.1465,11.4444,0.8942,5.3956,0.5087,0.2895,0.2192,3.38,6.01,0.0254,0.0741,2.92,0.625,0.0069,0.118,17704,0.6772,0.6874,-0.0102,0.3996,3.0,25.855,24.589,-1.265,82863,29.791,29.048,-0.743,83571,17.737,17.737,-0.0,83571
