run_id,stage,kind,timestamp,elapsed_s,epoch,step,tokens,padded_tokens,ce_nats,bits_per_token,balance,total_loss,lr,masked_accuracy,tok_per_s,padded_per_s,mfu,pad_frac,token_budget,n_oom,peak_gib,note
20260921T174226Z,stage1_mlm,step,2026-09-21T17:43:59+00:00,93.2,,20,143962,166208,1.653103,2.384924,0.258008,1.911111,0.0005953723484067697,0.284036,1544.1,1782.7,0.0029,0.133844,8192,0,19.99,
20260921T174226Z,stage1_mlm,step,2026-09-21T17:44:06+00:00,100.7,,40,296922,334208,1.358809,1.960347,0.215504,1.574313,0.0005757965561343613,0.329453,20468.7,22481.3,0.036574,0.111565,8192,0,19.99,
20260921T174226Z,stage1_mlm,step,2026-09-21T17:44:18+00:00,112.1,,60,444545,500864,1.327727,1.915504,0.19276,1.520487,0.0005429645144929612,0.351232,12973.3,14645.9,0.023827,0.112444,8192,0,19.99,
20260921T174226Z,stage1_mlm,step,2026-09-21T17:44:25+00:00,118.8,,80,595581,668352,1.315894,1.898433,0.185355,1.501249,0.0004976303199818641,0.362334,22434.9,24878.7,0.040474,0.108881,8192,0,19.99,
20260921T174226Z,stage1_mlm,step,2026-09-21T17:44:32+00:00,125.8,,100,753411,837696,1.313104,1.894409,0.178346,1.49145,0.000440072829272388,0.360761,22499.0,24140.4,0.039273,0.100615,8192,0,19.99,
20260921T174226Z,stage1_mlm,step,2026-09-21T17:44:47+00:00,141.2,,120,907740,1004608,1.302477,1.879078,0.174063,1.47654,0.0003769419621324618,0.372211,10025.8,10843.2,0.017641,0.096424,8192,0,19.99,
20260921T174226Z,stage1_mlm,step,2026-09-21T17:44:54+00:00,148.0,,140,1057386,1172352,1.29946,1.874724,0.169681,1.469141,0.00031240185796591144,0.370655,22057.2,24724.8,0.040224,0.098064,8192,0,19.99,
20260921T174226Z,stage1_mlm,step,2026-09-21T17:45:09+00:00,163.4,,160,1211238,1339840,1.290603,1.861947,0.167964,1.458567,0.00024852185058897233,0.386492,9988.7,10874.0,0.017691,0.095983,8192,0,19.99,
20260921T174226Z,stage1_mlm,step,2026-09-21T17:45:15+00:00,169.7,,180,1357534,1507904,1.283674,1.85195,0.166854,1.450528,0.00019109030512953849,0.391043,23299.1,26765.9,0.043545,0.099721,8192,0,19.99,
20260921T174226Z,stage1_mlm,step,2026-09-21T17:45:22+00:00,176.4,,200,1507415,1675584,1.276902,1.84218,0.165064,1.441965,0.00014084771530739794,0.394143,22353.4,25008.0,0.040685,0.100364,8192,0,19.99,
20260921T174226Z,stage1_mlm,step,2026-09-21T17:45:35+00:00,188.9,,220,1655130,1842560,1.282027,1.849575,0.164703,1.446731,0.0001011265027172601,0.390392,11822.1,13363.7,0.021741,0.101723,8192,0,19.99,
20260921T174226Z,stage1_mlm,step,2026-09-21T17:45:41+00:00,194.9,,240,1803807,2009280,1.284748,1.8535,0.162475,1.447224,7.408108446711791e-05,0.388248,24699.7,27697.1,0.04506,0.102262,8192,0,19.99,
20260921T174226Z,stage1_mlm,step,2026-09-21T17:45:55+00:00,208.9,,260,1958140,2177344,1.287213,1.857056,0.162449,1.449663,6.084907469598776e-05,0.385561,11031.1,12012.5,0.019543,0.100675,8192,0,19.99,
20260923T092752Z,stage1_mlm,event,2026-09-23T09:27:52+00:00,0.1,,7500,188601237,207328512,,,,,,,,,,,,,,resumed
20260923T092752Z,stage1_mlm,step,2026-09-23T09:33:40+00:00,348.5,,7600,191070926,210205952,1.286249,1.855665,0.16052,1.446769,0.00059011735473768,0.388371,7087.1,8257.2,0.013433,0.09103,28672,0,40.04,
20260923T092752Z,stage1_mlm,step,2026-09-23T09:34:53+00:00,421.6,,7700,193570846,213083456,1.284943,1.853782,0.160479,1.445423,0.0005898286849052007,0.387733,34200.2,39365.7,0.064043,0.091573,28672,0,40.04,
20260923T092752Z,stage1_mlm,step,2026-09-23T09:36:26+00:00,514.1,,7800,196069007,215960960,1.285202,1.854155,0.160483,1.445685,0.00058953515371017,0.38788,26989.5,31087.9,0.050576,0.092109,28672,0,40.04,
20260923T092752Z,stage1_mlm,step,2026-09-23T09:37:43+00:00,591.8,,7900,198563483,218837824,1.283564,1.851791,0.160605,1.444168,0.0005892390695593916,0.38959,32131.6,37057.1,0.060287,0.092646,28672,0,40.04,
20260923T092752Z,stage1_mlm,step,2026-09-23T09:39:04+00:00,672.7,,8000,201073171,221711488,1.285939,1.855218,0.160468,1.446407,0.0005889364576779472,0.38782,31017.0,35515.3,0.057779,0.093086,28672,0,40.04,
20260923T092752Z,stage1_mlm,step,2026-09-23T09:40:47+00:00,775.5,,8100,203545926,224588032,1.285146,1.854074,0.160508,1.445654,0.0005886342058420179,0.387749,24048.5,27975.5,0.045512,0.093692,28672,0,40.04,
20260923T092752Z,stage1_mlm,step,2026-09-23T09:41:58+00:00,846.3,,8200,206103259,227464640,1.282722,1.850576,0.160467,1.443189,0.0005883171646705758,0.389761,36117.4,40626.6,0.066094,0.093911,28672,0,40.04,
20260923T092752Z,stage1_mlm,event,2026-09-23T09:42:46+00:00,894.0,,8260,207583452,,,,,,,,,,,,23552,1,,OOM #1: token budget -> 23552
20260923T092752Z,stage1_mlm,step,2026-09-23T09:43:08+00:00,916.6,,8300,208432881,230136960,1.27788,1.843591,0.160471,1.438351,0.0005880248465370132,0.392623,33124.6,37997.4,0.061817,0.094309,23552,1,78.41,
20260923T092752Z,stage1_mlm,step,2026-09-23T09:44:05+00:00,973.7,,8400,210551982,232508096,1.266415,1.827051,0.160637,1.427052,0.0005877561873644294,0.400783,38145.7,42682.6,0.069439,0.094432,23552,1,78.41,
20260923T092752Z,stage1_mlm,step,2026-09-23T09:45:03+00:00,1031.2,,8500,212691643,234880384,1.261706,1.820258,0.160586,1.422292,0.0005874812717589972,0.404788,36248.7,40189.7,0.065383,0.094468,23552,1,78.41,
20260923T092752Z,stage1_mlm,step,2026-09-23T09:46:07+00:00,1095.8,,8600,214790651,237250880,1.263397,1.822696,0.160639,1.424035,0.0005872092102800765,0.403462,32482.8,36684.2,0.05968,0.094669,23552,1,78.41,
20260923T092752Z,stage1_mlm,step,2026-09-23T09:47:17+00:00,1165.6,,8700,216915566,239619840,1.264456,1.824224,0.160705,1.425161,0.0005869311820243691,0.402439,30479.3,33979.8,0.055281,0.094751,23552,1,78.41,
20260923T092752Z,stage1_mlm,step,2026-09-23T09:48:42+00:00,1250.7,,8800,219083072,241992256,1.258239,1.815256,0.160686,1.418925,0.0005866443653042888,0.405689,25460.0,27866.9,0.045336,0.094669,23552,1,78.41,
20260923T092752Z,stage1_mlm,step,2026-09-23T09:49:44+00:00,1312.9,,8900,221214837,244361152,1.259993,1.817786,0.160609,1.420602,0.0005863593664173609,0.405648,34283.2,38096.7,0.061978,0.094722,23552,1,78.41,
20260923T092752Z,stage1_mlm,step,2026-09-23T09:51:09+00:00,1397.7,,9000,223371503,246731584,1.262442,1.821319,0.160692,1.423134,0.0005860680270119182,0.404748,25422.0,27941.8,0.045458,0.094678,23552,1,78.41,
20260923T092752Z,stage1_mlm,step,2026-09-23T09:52:19+00:00,1467.8,,9100,225514975,249100032,1.261709,1.820261,0.160525,1.422234,0.0005857754748224943,0.403222,30593.2,33804.2,0.054995,0.094681,23552,1,78.41,
20260923T092752Z,stage1_mlm,step,2026-09-23T09:53:31+00:00,1539.2,,9200,227636800,251466432,1.266156,1.826677,0.160693,1.426849,0.0005854821218364541,0.401422,29696.4,33119.4,0.053881,0.094763,23552,1,78.41,
20260923T092752Z,stage1_mlm,step,2026-09-23T09:54:55+00:00,1622.9,,9300,229731742,253817344,1.263425,1.822737,0.160628,1.424053,0.000585190933487872,0.402641,25027.5,28085.4,0.045691,0.094893,23552,1,78.41,
20260923T092752Z,stage1_mlm,step,2026-09-23T09:56:17+00:00,1705.1,,9400,231858781,256188480,1.262742,1.821751,0.160581,1.423323,0.0005848917163066489,0.403195,25885.1,28855.6,0.046944,0.094968,23552,1,78.41,
20260923T092752Z,stage1_mlm,step,2026-09-23T09:57:38+00:00,1786.3,,9500,233998796,258558784,1.254553,1.809938,0.16061,1.415164,0.0005845881124287047,0.408333,26368.3,29205.8,0.047514,0.094988,23552,1,78.41,
20260923T092752Z,stage1_mlm,step,2026-09-23T09:59:07+00:00,1875.1,,9600,236173451,260930816,1.251224,1.805135,0.160565,1.41179,0.0005842762582243123,0.409834,24479.3,26701.1,0.043439,0.094881,23552,1,78.41,
20260923T092752Z,stage1_mlm,step,2026-09-23T10:00:04+00:00,1932.3,,9700,238311599,263302208,1.256613,1.812909,0.160637,1.41725,0.0005839661844360283,0.407678,37372.4,41449.3,0.067433,0.094912,23552,1,78.41,
20260923T092752Z,stage1_mlm,step,2026-09-23T10:01:22+00:00,2010.0,,9800,240447757,265672256,1.25846,1.815574,0.160513,1.418973,0.0005836547473151387,0.406187,27494.8,30505.2,0.049628,0.094946,23552,1,78.41,
20260923T092752Z,stage1_mlm,step,2026-09-23T10:02:18+00:00,2065.9,,9900,242553776,268042752,1.260668,1.818759,0.160662,1.42133,0.0005833440090131559,0.403571,37649.5,42377.6,0.068943,0.095093,23552,1,78.41,
20260923T092752Z,stage1_mlm,step,2026-09-23T10:03:39+00:00,2147.3,,10000,244695353,270414528,1.259998,1.817792,0.160537,1.420535,0.0005830254848919841,0.404127,26336.1,29167.0,0.047451,0.09511,23552,1,78.41,
20260923T092752Z,stage1_mlm,step,2026-09-23T10:04:54+00:00,2222.8,,10100,246830495,272783808,1.254703,1.810153,0.160579,1.415281,0.0005827042719870833,0.407496,28278.0,31379.0,0.051049,0.095142,23552,1,78.41,
20260923T092752Z,stage1_mlm,step,2026-09-23T10:06:16+00:00,2304.7,,10200,248868913,275148864,1.259931,1.817697,0.160701,1.420633,0.0005823946999273084,0.405507,24862.6,28846.6,0.04693,0.095512,23552,1,78.41,
20260923T092752Z,stage1_mlm,step,2026-09-23T10:07:30+00:00,2378.3,,10300,250955446,277519296,1.261915,1.820558,0.160583,1.422498,0.0005820771376959819,0.404324,28361.2,32220.1,0.052418,0.095719,23552,1,78.41,
20260923T092752Z,stage1_mlm,step,2026-09-23T10:08:41+00:00,2449.7,,10400,252954251,279883136,1.257916,1.814789,0.16061,1.418526,0.0005817683528485332,0.406637,28000.2,33113.8,0.053872,0.096215,23552,1,78.41,
20260923T092752Z,stage1_mlm,step,2026-09-23T10:09:56+00:00,2524.6,,10500,254979573,282247744,1.259197,1.816638,0.160538,1.419736,0.0005814536036410595,0.406859,27043.6,31573.9,0.051367,0.096611,23552,1,78.41,
20260923T092752Z,stage1_mlm,step,2026-09-23T10:11:07+00:00,2595.5,,10600,256992205,284613824,1.259617,1.817244,0.160602,1.420219,0.000581138308054489,0.405054,28403.9,33392.0,0.054324,0.097049,23552,1,78.41,
20260923T092752Z,stage1_mlm,step,2026-09-23T10:12:31+00:00,2679.5,,10700,259043550,286983168,1.260662,1.81875,0.160567,1.421229,0.0005808148939258612,0.404595,24418.3,28203.6,0.045883,0.097356,23552,1,78.41,
20260923T092752Z,stage1_mlm,step,2026-09-23T10:13:45+00:00,2753.6,,10800,261057440,289347456,1.258633,1.815824,0.160597,1.419231,0.0005804935655899142,0.406643,27166.1,31892.8,0.051885,0.097772,23552,1,78.41,
20260923T092752Z,stage1_mlm,step,2026-09-23T10:14:42+00:00,2810.8,,10900,263059971,291710912,1.254801,1.810295,0.160589,1.415389,0.0005801725839871414,0.407657,35020.8,41332.8,0.067243,0.098217,23552,1,78.41,
20260923T092752Z,stage1_mlm,step,2026-09-23T10:15:42+00:00,2870.6,,11000,265042738,294077120,1.254825,1.81033,0.160572,1.415397,0.0005798514394003554,0.408883,33166.0,39579.9,0.064391,0.098731,23552,1,78.41,
20260923T092752Z,stage1_mlm,step,2026-09-23T10:16:50+00:00,2938.6,,11100,267048420,296443392,1.258578,1.815745,0.160638,1.419216,0.0005795244818114814,0.40641,29472.3,34771.0,0.056568,0.099159,23552,1,78.41,
20260923T092752Z,stage1_mlm,step,2026-09-23T10:18:12+00:00,3020.1,,11200,269073227,298828416,1.258381,1.81546,0.160581,1.418962,0.0005791923098412042,0.40669,24850.1,29270.9,0.04762,0.099573,23552,1,78.41,
20260923T092752Z,stage1_mlm,step,2026-09-23T10:19:20+00:00,3088.0,,11300,271100777,301193984,1.259773,1.817469,0.160543,1.420316,0.0005788566675137509,0.404569,29863.7,34842.3,0.056684,0.099913,23552,1,78.41,
20260923T092752Z,stage1_mlm,step,2026-09-23T10:20:38+00:00,3166.6,,11400,273099791,303561984,1.255727,1.811631,0.160536,1.416263,0.0005785226844159811,0.407843,25429.7,30123.6,0.049007,0.100349,23552,1,78.41,
20260923T092752Z,stage1_mlm,step,2026-09-23T10:21:44+00:00,3232.1,,11500,275166956,305913856,1.268001,1.829339,0.16046,1.428461,0.0005781752518745017,0.398734,31575.1,35923.9,0.058443,0.100508,23552,1,78.41,
20260923T092752Z,stage1_mlm,step,2026-09-23T10:23:01+00:00,3309.9,,11600,277199534,308279040,1.27548,1.840129,0.160508,1.435988,0.0005778313310845222,0.394074,26115.0,30388.4,0.049438,0.100816,23552,1,78.41,
20260923T092752Z,stage1_mlm,step,2026-09-23T10:24:14+00:00,3382.7,,11700,279271245,310646464,1.27204,1.835166,0.160502,1.432542,0.0005774774693292053,0.397543,28466.9,32530.2,0.052922,0.101,23552,1,78.41,
20260923T092752Z,stage1_mlm,step,2026-09-23T10:25:19+00:00,3447.0,,11800,281326121,313013312,1.270957,1.833603,0.160475,1.431432,0.0005771241692142851,0.398378,31951.5,36802.4,0.059873,0.101233,23552,1,78.41,
20260923T092752Z,stage1_mlm,step,2026-09-23T10:26:33+00:00,3521.4,,11900,283413669,315382656,1.271332,1.834144,0.160446,1.431778,0.0005767626535857774,0.398631,28040.0,31825.1,0.051775,0.101366,23552,1,78.41,
20260923T092752Z,stage1_mlm,step,2026-09-23T10:27:43+00:00,3591.8,,12000,285458575,317749504,1.269982,1.832196,0.160476,1.430457,0.0005764058617152367,0.400349,29058.6,33633.5,0.054717,0.101624,23552,1,78.41,
20260923T092752Z,stage1_mlm,step,2026-09-23T10:28:47+00:00,3655.5,,12100,287513994,320114880,1.258219,1.815226,0.160517,1.418736,0.0005760450971200716,0.409036,32286.7,37155.6,0.060447,0.101841,23552,1,78.41,
20260923T092752Z,stage1_mlm,step,2026-09-23T10:29:42+00:00,3710.8,,12200,289599525,322483008,1.258762,1.816009,0.160525,1.419287,0.0005756751596496974,0.408526,37709.9,42819.7,0.069662,0.10197,23552,1,78.41,
20260923T092752Z,stage1_mlm,step,2026-09-23T10:30:46+00:00,3774.8,,12300,291633539,324848832,1.25928,1.816757,0.160549,1.419829,0.0005753124279620502,0.408473,31769.0,36951.5,0.060115,0.102248,23552,1,78.41,
20260923T092752Z,stage1_mlm,step,2026-09-23T10:31:43+00:00,3831.0,,12400,293700262,327215872,1.255306,1.811024,0.160527,1.415833,0.0005749414597893026,0.410101,36747.7,42087.6,0.068471,0.102427,23552,1,78.41,
20260923T092752Z,stage1_mlm,step,2026-09-23T10:32:40+00:00,3888.6,,12500,295733186,329582336,1.254397,1.809713,0.160528,1.414926,0.0005745740601907027,0.412049,35310.3,41103.6,0.06687,0.102703,23552,1,78.41,
20260923T092752Z,stage1_mlm,step,2026-09-23T10:33:52+00:00,3960.1,,12600,297779837,331947776,1.255877,1.811848,0.160465,1.416343,0.0005742008308320613,0.411547,28618.7,33076.3,0.053811,0.102932,23552,1,78.41,
20260923T092752Z,stage1_mlm,step,2026-09-23T10:35:18+00:00,4046.6,,12700,299848610,334317888,1.253578,1.808531,0.160494,1.414073,0.0005738216317651699,0.411762,23935.5,27422.0,0.044612,0.103103,23552,1,78.41,
20260923T092752Z,stage1_mlm,step,2026-09-23T10:36:21+00:00,4109.4,,12800,301909255,336685184,1.255797,1.811732,0.160469,1.416266,0.0005734406988232793,0.411015,32794.0,37674.2,0.061291,0.103289,23552,1,78.41,
20260923T092752Z,stage1_mlm,step,2026-09-23T10:37:37+00:00,4185.3,,12900,303968244,339052736,1.253997,1.809135,0.160437,1.414434,0.0005730581548822206,0.411558,27128.0,31193.4,0.050748,0.103478,23552,1,78.41,
20260923T092752Z,stage1_mlm,step,2026-09-23T10:38:47+00:00,4255.1,,13000,306071822,341419200,1.240633,1.789855,0.160396,1.401029,0.0005726643915917214,0.420761,30139.2,33905.7,0.05516,0.103531,23552,1,78.41,
20260923T092752Z,stage1_mlm,step,2026-09-23T10:40:13+00:00,4341.4,,13100,308211937,343791680,1.223746,1.765492,0.160469,1.384214,0.0005722614516509179,0.429698,24796.3,27488.5,0.04472,0.103492,23552,1,78.41,
20260923T092752Z,stage1_mlm,step,2026-09-23T10:41:31+00:00,4419.7,,13200,310341944,346162304,1.225244,1.767654,0.160509,1.385754,0.000571856912120422,0.429958,27195.1,30267.2,0.049241,0.103479,23552,1,78.41,
20260923T092752Z,stage1_mlm,step,2026-09-23T10:42:36+00:00,4484.0,,13300,312465513,348531648,1.22172,1.762569,0.160481,1.382201,0.0005714515548398227,0.431365,33056.8,36882.7,0.060003,0.10348,23552,1,78.41,
20260923T092752Z,stage1_mlm,step,2026-09-23T10:44:01+00:00,4569.3,,13400,314589914,350902464,1.22072,1.761127,0.160417,1.381137,0.0005710432585636922,0.432083,24907.3,27796.3,0.045221,0.103483,23552,1,78.41,
20260923T092752Z,stage1_mlm,step,2026-09-23T10:45:03+00:00,4631.8,,13500,316693401,353282560,1.220912,1.761403,0.160455,1.381367,0.0005706349719104568,0.431387,33624.6,38046.3,0.061896,0.103569,23552,1,78.41,
20260923T092752Z,stage1_mlm,step,2026-09-23T10:46:09+00:00,4697.4,,13600,318822363,355651200,1.22358,1.765253,0.160454,1.384034,0.000570220492244966,0.43112,32463.7,36118.5,0.05876,0.103553,23552,1,78.41,
20260923T092752Z,stage1_mlm,step,2026-09-23T10:47:05+00:00,4753.5,,13700,320931102,358021888,1.223332,1.764894,0.160468,1.383799,0.0005698061867585354,0.43104,37608.8,42280.6,0.068785,0.103599,23552,1,78.41,
20260923T092752Z,stage1_mlm,step,2026-09-23T10:48:20+00:00,4828.5,,13800,323074532,360395008,1.224282,1.766265,0.160417,1.384698,0.0005693834816236064,0.430016,28548.5,31607.8,0.051422,0.103554,23552,1,78.41,
20260923T092752Z,stage1_mlm,step,2026-09-23T10:49:19+00:00,4887.8,,13900,325205705,362765824,1.218175,1.757456,0.160466,1.378642,0.0005689592011303707,0.433521,35946.2,39988.2,0.065056,0.103538,23552,1,78.41,
20260923T092752Z,stage1_mlm,step,2026-09-23T10:50:16+00:00,4944.4,,14000,327342538,365136768,1.225083,1.767421,0.160397,1.385479,0.0005685326081456856,0.429178,37791.8,41932.3,0.068218,0.103507,23552,1,78.41,
20260923T092752Z,stage1_mlm,step,2026-09-23T10:51:53+00:00,5041.0,,14100,329492704,367507584,1.218057,1.757285,0.160375,1.378432,0.0005680994754323697,0.434527,22254.2,24538.0,0.03992,0.10344,23552,1,78.41,
20260923T092752Z,stage1_mlm,step,2026-09-23T10:52:50+00:00,5098.7,,14200,331622624,369878016,1.22102,1.761559,0.160442,1.381462,0.0005676676680371992,0.43272,36886.1,41051.3,0.066785,0.103427,23552,1,78.41,
20260923T092752Z,stage1_mlm,step,2026-09-23T10:54:11+00:00,5179.5,,14300,333757595,372247744,1.218818,1.758383,0.160399,1.379217,0.000567232422550058,0.434675,26420.9,29326.1,0.04771,0.103399,23552,1,78.41,
20260923T092752Z,stage1_mlm,step,2026-09-23T10:55:23+00:00,5251.4,,14400,335871082,374618752,1.218229,1.757533,0.160472,1.378701,0.000566798082007607,0.433998,29399.3,32981.5,0.053657,0.103432,23552,1,78.41,
20260923T092752Z,stage1_mlm,step,2026-09-23T10:56:19+00:00,5307.4,,14500,337973602,376988992,1.222246,1.763328,0.160403,1.382648,0.0005663650738030785,0.431572,37559.6,42342.2,0.068885,0.103492,23552,1,78.41,
20260923T092752Z,stage1_mlm,step,2026-09-23T10:57:57+00:00,5405.8,,14600,340124461,379359680,1.216839,1.755528,0.160506,1.377345,0.0005659172734704477,0.435322,21850.6,24083.9,0.039181,0.103425,23552,1,78.41,
20260923T092752Z,stage1_mlm,step,2026-09-23T10:58:54+00:00,5462.9,,14700,342240595,381730176,1.219121,1.758819,0.16045,1.379571,0.0005654757726299682,0.435823,37110.1,41570.8,0.06763,0.103449,23552,1,78.41,
20260923T092752Z,stage1_mlm,step,2026-09-23T11:00:23+00:00,5551.8,,14800,344370307,384102464,1.220679,1.761068,0.16045,1.381129,0.0005650276407843798,0.432983,23935.0,26661.2,0.043374,0.103442,23552,1,78.41,
20260923T092752Z,stage1_mlm,step,2026-09-23T11:01:30+00:00,5617.9,,14900,346491640,386472192,1.23209,1.77753,0.160446,1.392536,0.000564579541635468,0.428391,32105.2,35864.5,0.058347,0.10345,23552,1,78.41,
20260923T092752Z,stage1_mlm,step,2026-09-23T11:02:26+00:00,5674.8,,15000,348598312,388842688,1.236118,1.783341,0.160446,1.396564,0.0005641311503713412,0.424733,37039.0,41677.5,0.067804,0.103498,23552,1,78.41,
20260923T092752Z,stage1_mlm,step,2026-09-23T11:03:32+00:00,5739.9,,15100,350677548,391208320,1.233007,1.778853,0.16039,1.393396,0.0005636861737397316,0.427903,31910.7,36306.1,0.059065,0.103604,23552,1,78.41,
20260923T092752Z,stage1_mlm,step,2026-09-23T11:04:28+00:00,5796.4,,15200,352784537,393577024,1.234636,1.781203,0.160422,1.395058,0.0005632331955565507,0.426222,37340.8,41979.0,0.068294,0.103645,23552,1,78.41,
20260923T092752Z,stage1_mlm,step,2026-09-23T11:05:38+00:00,5866.2,,15300,354903831,395949952,1.232076,1.777511,0.160425,1.392501,0.0005627742286938256,0.427838,30333.9,33964.2,0.055255,0.103665,23552,1,78.41,
20260923T092752Z,stage1_mlm,step,2026-09-23T11:06:34+00:00,5922.7,,15400,356988708,398318848,1.230555,1.775316,0.160438,1.390993,0.0005623206148196127,0.429165,36905.4,41932.9,0.068219,0.103761,23552,1,78.41,
20260923T092752Z,stage1_mlm,step,2026-09-23T11:07:32+00:00,5980.3,,15500,359083362,400681920,1.23313,1.779031,0.160484,1.393614,0.000561861070361942,0.427247,36397.1,41061.2,0.066801,0.103819,23552,1,78.41,
20260923T092752Z,stage1_mlm,step,2026-09-23T11:08:36+00:00,6044.8,,15600,361187388,403049664,1.228229,1.771961,0.160444,1.388674,0.0005613989675048364,0.429789,32612.3,36699.9,0.059706,0.103864,23552,1,78.41,
20260923T092752Z,stage1_mlm,step,2026-09-23T11:09:36+00:00,6104.5,,15700,363327911,405419776,1.231073,1.776062,0.160467,1.39154,0.0005609251968164197,0.427482,35856.3,39702.2,0.06459,0.103823,23552,1,78.41,
20260923T092752Z,stage1_mlm,step,2026-09-23T11:11:12+00:00,6200.7,,15800,365439639,407790656,1.232793,1.778544,0.160401,1.393194,0.0005604549379675871,0.427926,21953.0,24647.0,0.040097,0.103855,23552,1,78.41,
20260923T092752Z,stage1_mlm,step,2026-09-23T11:12:09+00:00,6257.2,,15900,367534163,410162624,1.233024,1.778877,0.160454,1.393477,0.0005599850834381642,0.427851,37035.3,41941.0,0.068232,0.103931,23552,1,78.41,
20260923T092752Z,stage1_mlm,step,2026-09-23T11:13:06+00:00,6314.5,,16000,369614639,412532160,1.229684,1.774059,0.16045,1.390134,0.0005595170551317066,0.429951,36315.3,41360.9,0.067289,0.104034,23552,1,78.41,
20260923T092752Z,stage1_mlm,step,2026-09-23T11:14:14+00:00,6382.6,,16100,371753214,414901696,1.229788,1.774209,0.160396,1.390184,0.000559034172165655,0.428787,31396.7,34787.5,0.056595,0.103997,23552,1,78.41,
20260923T092752Z,stage1_mlm,step,2026-09-23T11:15:38+00:00,6466.7,,16200,373865259,417271040,1.229395,1.773642,0.160457,1.389852,0.0005585538380688921,0.429928,25113.8,28173.3,0.045834,0.104023,23552,1,78.41,
20260923T092752Z,stage1_mlm,step,2026-09-23T11:16:54+00:00,6542.1,,16300,376009889,419642048,1.229114,1.773237,0.160496,1.38961,0.0005580628132519964,0.429968,28460.5,31464.7,0.051189,0.103975,23552,1,78.41,
20260923T092752Z,stage1_mlm,step,2026-09-23T11:17:50+00:00,6598.4,,16400,378100870,422009728,1.228801,1.772786,0.160489,1.38929,0.0005575823312512287,0.43006,37126.8,42039.7,0.068393,0.104047,23552,1,78.41,
20260923T092752Z,stage1_mlm,step,2026-09-23T11:19:16+00:00,6684.6,,16500,380213255,424377408,1.231301,1.776392,0.160491,1.391792,0.0005570941697795387,0.42952,24511.3,27473.7,0.044696,0.104068,23552,1,78.41,
20260923T092752Z,stage1_mlm,step,2026-09-23T11:20:31+00:00,6759.2,,16600,382421576,426753792,1.240317,1.789399,0.160539,1.400856,0.0005565810560002605,0.428394,29596.1,31848.5,0.051813,0.103882,23552,1,78.41,
20260923T092752Z,stage1_mlm,step,2026-09-23T11:21:33+00:00,6821.0,,16700,384660656,429131456,1.24279,1.792967,0.160597,1.403387,0.0005560583901643067,0.425109,36236.8,38479.6,0.062601,0.10363,23552,1,78.41,
20260923T092752Z,stage1_mlm,step,2026-09-23T11:23:16+00:00,6924.6,,16800,386879751,431507456,1.241595,1.791243,0.160537,1.402132,0.0005555370612278152,0.424949,21413.6,22927.7,0.0373,0.103423,23552,1,78.41,
20260923T092752Z,stage1_mlm,step,2026-09-23T11:24:20+00:00,6988.1,,16900,389098084,433879744,1.23811,1.786215,0.160544,1.398654,0.0005550127967575853,0.427366,34929.6,37353.8,0.06077,0.103212,23552,1,78.41,
20260923T092752Z,stage1_mlm,step,2026-09-23T11:25:22+00:00,7050.4,,17000,391336553,436260416,1.239331,1.787977,0.160543,1.399874,0.0005544815506094732,0.42673,35962.8,38247.4,0.062224,0.102975,23552,1,78.41,
20260923T092752Z,stage1_mlm,step,2026-09-23T11:26:34+00:00,7122.3,,17100,393563368,438640768,1.242024,1.791862,0.160563,1.402587,0.0005539500780887379,0.424272,30953.8,33088.0,0.05383,0.102766,23552,1,78.41,
20260923T092752Z,stage1_mlm,step,2026-09-23T11:27:36+00:00,7184.0,,17200,395804874,441018880,1.239173,1.787749,0.160506,1.399679,0.0005534123903965939,0.427995,36338.7,38553.4,0.062721,0.102522,23552,1,78.41,
20260923T092752Z,stage1_mlm,step,2026-09-23T11:29:15+00:00,7283.6,,17300,398041273,443414272,1.240035,1.788992,0.160611,1.400646,0.0005528728748163224,0.426874,22464.1,24061.1,0.039144,0.102326,23552,1,78.41,
20260923T092752Z,stage1_mlm,step,2026-09-23T11:30:24+00:00,7352.1,,17400,400272414,445791168,1.238975,1.787463,0.160503,1.399478,0.0005523320743350667,0.428817,32534.1,34659.5,0.056386,0.102108,23552,1,78.41,
20260923T092752Z,stage1_mlm,step,2026-09-23T11:31:44+00:00,7432.3,,17500,402503125,448169600,1.237362,1.785137,0.160564,1.397927,0.0005517883539812984,0.429311,27813.3,29655.1,0.048245,0.101896,23552,1,78.41,
20260923T092752Z,stage1_mlm,step,2026-09-23T11:33:11+00:00,7519.8,,17600,404704622,450543040,1.237962,1.786002,0.16053,1.398492,0.000551248859134459,0.427565,25162.7,27127.9,0.044134,0.10174,23552,1,78.41,
20260923T092752Z,stage1_mlm,step,2026-09-23T11:34:14+00:00,7582.8,,17700,406921627,452922432,1.233486,1.779544,0.160562,1.394048,0.000550703496581281,0.430898,35217.5,37797.0,0.061491,0.101564,23552,1,78.41,
20260923T092752Z,stage1_mlm,step,2026-09-23T11:36:00+00:00,7688.8,,17800,409172838,455300992,1.238979,1.787469,0.160473,1.399452,0.0005501466871349535,0.427842,21236.9,22438.3,0.036504,0.101314,23552,1,78.41,
20260923T092752Z,stage1_mlm,step,2026-09-23T11:37:03+00:00,7750.9,,17900,411402137,457681344,1.236809,1.784339,0.16051,1.397319,0.0005495914990573714,0.428503,35875.5,38306.4,0.062319,0.101117,23552,1,78.41,
20260923T092752Z,stage1_mlm,step,2026-09-23T11:38:42+00:00,7850.2,,18000,413660019,460058368,1.237994,1.786048,0.160539,1.398533,0.0005490282043531814,0.429102,22750.3,23950.8,0.038965,0.100853,23552,1,78.41,
20260923T092752Z,stage1_mlm,step,2026-09-23T11:39:51+00:00,7919.7,,18100,415869333,462436928,1.236848,1.784394,0.160525,1.397372,0.000548472938543483,0.430415,31780.7,34215.2,0.055664,0.1007,23552,1,78.41,
20260923T092752Z,stage1_mlm,step,2026-09-23T11:40:53+00:00,7981.4,,18200,418090157,464813824,1.235511,1.782466,0.160514,1.396025,0.0005479130626943746,0.430751,36002.7,38532.8,0.062688,0.100521,23552,1,78.41,
20260923T092752Z,stage1_mlm,step,2026-09-23T11:42:06+00:00,8054.2,,18300,420344855,467199424,1.235703,1.782743,0.160442,1.396145,0.0005473412478484612,0.42954,30974.8,32773.1,0.053317,0.100288,23552,1,78.41,
20260923T092752Z,stage1_mlm,step,2026-09-23T11:43:11+00:00,8119.7,,18400,422587838,469578048,1.235461,1.782393,0.160531,1.395992,0.0005467690966204336,0.430088,34229.8,36299.8,0.059055,0.100069,23552,1,78.41,
20260923T092752Z,stage1_mlm,step,2026-09-23T11:44:14+00:00,8182.0,,18500,424841482,471955328,1.235613,1.782613,0.160505,1.396118,0.0005461912194743453,0.430487,36183.3,38168.3,0.062095,0.099827,23552,1,78.41,
20260923T092752Z,stage1_mlm,step,2026-09-23T11:46:03+00:00,8291.3,,18600,427063574,474335360,1.234783,1.781415,0.160468,1.395251,0.0005456211137089392,0.43105,20330.3,21775.3,0.035426,0.099659,23552,1,78.41,
20260923T092752Z,stage1_mlm,step,2026-09-23T11:47:08+00:00,8356.0,,18700,429305039,476715136,1.23423,1.780617,0.160425,1.394654,0.0005450420100435449,0.430974,34653.8,36792.2,0.059856,0.099452,23552,1,78.41,
20260923T092752Z,stage1_mlm,step,2026-09-23T11:48:42+00:00,8450.6,,18800,431533948,479092864,1.236656,1.784118,0.160448,1.397104,0.0005444630556003244,0.429106,23542.8,25114.6,0.040858,0.099269,23552,1,78.41,
20260923T092752Z,stage1_mlm,step,2026-09-23T11:49:56+00:00,8524.4,,18900,433788313,481474176,1.233952,1.780216,0.16044,1.394391,0.0005438748891681717,0.431698,30586.8,32309.2,0.052563,0.099041,23552,1,78.41,
20260923T092752Z,stage1_mlm,step,2026-09-23T11:51:11+00:00,8599.8,,19000,436000635,483833152,1.235445,1.782371,0.160453,1.395898,0.0005432949447408386,0.430117,29318.1,31261.6,0.050859,0.098862,23552,1,78.41,
20260923T092752Z,stage1_mlm,step,2026-09-23T11:52:44+00:00,8692.8,,19100,438200351,486209216,1.233029,1.778885,0.160455,1.393485,0.0005427158638073831,0.432107,23659.3,25556.1,0.041576,0.098741,23552,1,78.41,
20260923T092752Z,stage1_mlm,step,2026-09-23T11:53:49+00:00,8757.6,,19200,440436316,488582976,1.233416,1.779444,0.160461,1.393878,0.0005421249885469011,0.432017,34509.7,36636.4,0.059603,0.098543,23552,1,78.41,
20260923T092752Z,stage1_mlm,step,2026-09-23T11:55:31+00:00,8859.6,,19300,442633362,490959616,1.231328,1.776431,0.160437,1.391765,0.0005415410118877086,0.432137,21541.4,23302.3,0.03791,0.098432,23552,1,78.41,
20260923T092752Z,stage1_mlm,step,2026-09-23T11:56:31+00:00,8919.1,,19400,444843935,493332928,1.234807,1.78145,0.160429,1.395236,0.0005409502816993603,0.428952,37148.9,39883.8,0.064886,0.098289,23552,1,78.41,
20260923T092752Z,stage1_mlm,step,2026-09-23T11:57:31+00:00,8979.5,,19500,447025447,495709312,1.228998,1.77307,0.1604,1.389399,0.0005403668710864158,0.433085,36113.4,39339.3,0.064,0.098211,23552,1,78.41,
20260923T092752Z,stage1_mlm,step,2026-09-23T11:58:46+00:00,9054.7,,19600,449211186,498086272,1.234497,1.781002,0.160386,1.394883,0.0005397788912606423,0.430409,29063.6,31606.2,0.051419,0.098126,23552,1,78.41,
20260923T092752Z,stage1_mlm,step,2026-09-23T11:59:49+00:00,9117.8,,19700,451386751,500463552,1.23277,1.778511,0.160468,1.393238,0.0005391909543763651,0.4305,34443.6,37637.2,0.061231,0.098063,23552,1,78.41,
20260923T092752Z,stage1_mlm,step,2026-09-23T12:00:56+00:00,9184.3,,19800,453550950,502836928,1.230985,1.775936,0.160457,1.391442,0.0005386032482488313,0.432579,32543.1,35688.5,0.05806,0.098016,23552,1,78.41,
20260923T092752Z,stage1_mlm,step,2026-09-23T12:02:12+00:00,9260.0,,19900,455720946,505211840,1.234586,1.781131,0.160389,1.394975,0.000538011802712132,0.429833,28697.4,31407.4,0.051096,0.097961,23552,1,78.41,
20260923T092752Z,stage1_mlm,step,2026-09-23T12:03:31+00:00,9339.2,,20000,457899328,507584064,1.233254,1.779209,0.1604,1.393654,0.0005374146854136491,0.429748,27491.8,29938.2,0.048705,0.097885,23552,1,78.41,
20260923T092752Z,stage1_mlm,step,2026-09-23T12:04:35+00:00,9403.8,,20100,460090420,509955648,1.232567,1.778219,0.160442,1.393009,0.0005368131419394436,0.430675,33929.5,36724.4,0.059746,0.097783,23552,1,78.41,
20260923T092752Z,stage1_mlm,step,2026-09-23T12:05:59+00:00,9487.3,,20200,462260510,512329088,1.231138,1.776156,0.160428,1.391566,0.0005362146543462279,0.430985,25997.0,28433.1,0.046257,0.097727,23552,1,78.41,
20260923T092752Z,stage1_mlm,step,2026-09-23T12:07:18+00:00,9566.1,,20300,464438007,514708160,1.229363,1.773596,0.160436,1.389799,0.0005356113131114558,0.433367,27620.3,30177.1,0.049094,0.097667,23552,1,78.41,
20260923T092752Z,stage1_mlm,step,2026-09-23T12:08:21+00:00,9629.8,,20400,466614187,517081600,1.232203,1.777693,0.160403,1.392606,0.0005350056932184694,0.431444,34176.3,37274.2,0.06064,0.0976,23552,1,78.41,
20260923T092752Z,stage1_mlm,step,2026-09-23T12:09:50+00:00,9718.5,,20500,468774996,519455168,1.231118,1.776128,0.160392,1.39151,0.0005344006643665995,0.431973,24362.6,26761.4,0.043537,0.097564,23552,1,78.41,
20260923T092752Z,stage1_mlm,step,2026-09-23T12:10:55+00:00,9783.0,,20600,470962131,521828736,1.235414,1.782325,0.160428,1.395841,0.0005337884116623499,0.429359,33895.1,36784.3,0.059843,0.097478,23552,1,78.41,
20260923T092752Z,stage1_mlm,step,2026-09-23T12:12:15+00:00,9863.0,,20700,473131308,524203840,1.231196,1.776241,0.160421,1.391618,0.0005331780748200015,0.431881,27101.3,29674.1,0.048276,0.097429,23552,1,78.41,
20260923T092752Z,stage1_mlm,step,2026-09-23T12:13:36+00:00,9944.8,,20800,475292896,526575360,1.22814,1.771831,0.16043,1.38857,0.0005325657455212772,0.434077,26422.3,28988.5,0.04716,0.097389,23552,1,78.41,
20260923T092752Z,stage1_mlm,step,2026-09-23T12:14:36+00:00,10004.6,,20900,477482850,528950016,1.231504,1.776685,0.160392,1.391896,0.0005319454670515982,0.431774,36632.3,39721.9,0.064622,0.097301,23552,1,78.41,
20260923T092752Z,stage1_mlm,step,2026-09-23T12:15:37+00:00,10065.8,,21000,479651152,531347584,1.227895,1.771478,0.160367,1.388262,0.0005313272981984511,0.432982,35423.8,39169.3,0.063723,0.097293,23552,1,78.41,
20260923T092752Z,stage1_mlm,step,2026-09-23T12:16:45+00:00,10133.5,,21100,481825066,533720576,1.231605,1.776831,0.160415,1.39202,0.0005307055222506609,0.431791,32128.4,35070.6,0.057055,0.097233,23552,1,78.41,
20260923T092752Z,stage1_mlm,step,2026-09-23T12:17:50+00:00,10198.5,,21200,483966971,536074240,1.229934,1.77442,0.160379,1.390313,0.0005300896303269718,0.431722,32952.3,36210.1,0.058909,0.097202,23552,1,78.41,
20260923T092752Z,stage1_mlm,step,2026-09-23T12:18:56+00:00,10264.8,,21300,486144190,538448192,1.230715,1.775546,0.160443,1.391158,0.0005294626326184472,0.431934,32847.0,35815.0,0.058266,0.097138,23552,1,78.41,
20260923T092752Z,stage1_mlm,step,2026-09-23T12:20:13+00:00,10341.8,,21400,488340947,540821888,1.228963,1.773019,0.160341,1.389304,0.0005288279973092083,0.433308,28521.1,30818.4,0.050137,0.097039,23552,1,78.41,
20260923T092752Z,stage1_mlm,step,2026-09-23T12:21:29+00:00,10417.8,,21500,490471196,543193600,1.233245,1.779197,0.160441,1.393686,0.0005282081450284677,0.42906,28015.5,31191.1,0.050744,0.09706,23552,1,78.41,
20260923T092752Z,stage1_mlm,step,2026-09-23T12:22:31+00:00,10479.2,,21600,492479469,545558912,1.248094,1.800619,0.160299,1.408393,0.0005276238742537008,0.418975,32732.8,38552.1,0.062719,0.097294,23552,1,78.41,
20260923T092752Z,stage1_mlm,step,2026-09-23T12:23:44+00:00,10552.0,,21700,494462109,547925376,1.243081,1.793387,0.160352,1.403433,0.0005270443479567171,0.422116,27235.9,32508.6,0.052887,0.097574,23552,1,78.41,
20260923T092752Z,stage1_mlm,step,2026-09-23T12:25:00+00:00,10628.2,,21800,496483302,550290816,1.247882,1.800314,0.160317,1.4082,0.0005264502398343196,0.418698,26503.6,31017.6,0.050462,0.09778,23552,1,78.41,
20260923T092752Z,stage1_mlm,step,2026-09-23T12:25:55+00:00,10683.8,,21900,498517719,552656064,1.246734,1.798657,0.1603,1.407034,0.0005258515410864272,0.420912,36611.7,42565.4,0.069248,0.09796,23552,1,78.41,
20260923T092752Z,stage1_mlm,step,2026-09-23T12:27:11+00:00,10759.4,,22000,500545788,555020672,1.246549,1.79839,0.160341,1.40689,0.0005252529009295038,0.420465,26846.6,31301.5,0.050923,0.098149,23552,1,78.41,
20260923T092752Z,stage1_mlm,step,2026-09-23T12:28:22+00:00,10830.3,,22100,502529320,557385216,1.246786,1.798732,0.160333,1.407119,0.0005246649758993706,0.420639,27948.3,33316.8,0.054202,0.098416,23552,1,78.41,
20260923T092752Z,stage1_mlm,step,2026-09-23T12:29:29+00:00,10897.8,,22200,504568348,559748288,1.248126,1.800665,0.160338,1.408464,0.0005240595409361303,0.419751,30208.2,35008.9,0.056955,0.09858,23552,1,78.41,
20260923T092752Z,stage1_mlm,step,2026-09-23T12:30:49+00:00,10977.5,,22300,506556075,562113216,1.249103,1.802075,0.160342,1.409446,0.0005234650363387385,0.419584,24937.4,29669.7,0.048269,0.098836,23552,1,78.41,
20260923T092752Z,stage1_mlm,step,2026-09-23T12:31:45+00:00,11033.3,,22400,508607687,564480128,1.245379,1.796702,0.160342,1.405721,0.0005228509307185659,0.421906,36803.0,42459.1,0.069075,0.09898,23552,1,78.41,
20260923T092752Z,stage1_mlm,step,2026-09-23T12:32:41+00:00,11089.0,,22500,510639413,566845440,1.246274,1.797993,0.160345,1.406619,0.0005222408974669651,0.421578,36446.2,42430.2,0.069028,0.099156,23552,1,78.41,
20260923T092752Z,stage1_mlm,step,2026-09-23T12:33:47+00:00,11155.6,,22600,512675584,569197952,1.246931,1.798941,0.160329,1.40726,0.0005216284864591962,0.420222,30591.1,35343.8,0.0575,0.099302,23552,1,78.41,
20260923T092752Z,stage1_mlm,step,2026-09-23T12:34:45+00:00,11213.8,,22700,514701976,571563200,1.244625,1.795614,0.160389,1.405014,0.0005210142647147561,0.422572,34780.0,40595.9,0.066044,0.099484,23552,1,78.41,
20260923T092752Z,stage1_mlm,step,2026-09-23T12:35:50+00:00,11278.3,,22800,516696640,573930304,1.244603,1.795582,0.160296,1.404898,0.0005204100272536407,0.421049,30958.0,36738.4,0.059769,0.099722,23552,1,78.41,
20260923T092752Z,stage1_mlm,step,2026-09-23T12:37:13+00:00,11361.8,,22900,518776094,576298432,1.24063,1.789851,0.160314,1.400945,0.0005197780122007586,0.423666,24905.3,28362.7,0.046142,0.099813,23552,1,78.41,
20260923T092752Z,stage1_mlm,step,2026-09-23T12:38:19+00:00,11427.4,,23000,520894090,578668672,1.223461,1.765082,0.160394,1.383855,0.0005191312079190593,0.435814,32250.4,36091.3,0.058716,0.099841,23552,1,78.41,
20260923T092752Z,stage1_mlm,step,2026-09-23T12:39:29+00:00,11497.3,,23100,523019029,581040832,1.226421,1.769352,0.160368,1.38679,0.0005184799852164298,0.433017,30431.7,33972.2,0.055268,0.099858,23552,1,78.41,
20260923T092752Z,stage1_mlm,step,2026-09-23T12:40:51+00:00,11579.8,,23200,525147928,583409408,1.22513,1.767489,0.160314,1.385444,0.0005178258828157862,0.434667,25794.6,28698.7,0.046689,0.099864,23552,1,78.41,
20260923T092752Z,stage1_mlm,step,2026-09-23T12:42:08+00:00,11656.9,,23300,527286129,585769600,1.223197,1.7647,0.16036,1.383557,0.0005171654548758056,0.433772,27744.2,30624.6,0.049822,0.09984,23552,1,78.41,
20260923T092752Z,stage1_mlm,step,2026-09-23T12:43:32+00:00,11740.5,,23400,529385237,588136704,1.226311,1.769192,0.160367,1.386678,0.0005165187895274841,0.433189,25101.8,28306.6,0.046051,0.099894,23552,1,78.41,
20260923T092752Z,stage1_mlm,step,2026-09-23T12:44:31+00:00,11799.2,,23500,531526073,590505344,1.225238,1.767645,0.160331,1.385569,0.0005158546953556013,0.433235,36493.1,40376.3,0.065687,0.099879,23552,1,78.41,
20260923T092752Z,stage1_mlm,step,2026-09-23T12:46:06+00:00,11894.1,,23600,533643821,592873472,1.227415,1.770785,0.160354,1.387769,0.0005151942599511939,0.431733,22302.5,24939.3,0.040573,0.099903,23552,1,78.41,
20260923T092752Z,stage1_mlm,step,2026-09-23T12:47:02+00:00,11950.2,,23700,535766088,595241792,1.225418,1.767905,0.160431,1.385849,0.0005145323705417012,0.433461,37827.4,42213.1,0.068675,0.099919,23552,1,78.41,
20260923T092752Z,stage1_mlm,step,2026-09-23T12:48:03+00:00,12011.9,,23800,537894137,597611072,1.22465,1.766797,0.160299,1.384949,0.0005138658916675179,0.4349,34526.6,38440.5,0.062538,0.099926,23552,1,78.41,
20260923T092752Z,stage1_mlm,step,2026-09-23T12:49:01+00:00,12069.6,,23900,539997878,599980608,1.224677,1.766835,0.160309,1.384985,0.0005132046802485603,0.434381,36449.8,41055.0,0.066791,0.099974,23552,1,78.41,
20260923T092752Z,stage1_mlm,step,2026-09-23T12:49:59+00:00,12127.7,,24000,542110135,602350464,1.223054,1.764494,0.160381,1.383435,0.0005125383224254583,0.435383,36346.1,40778.7,0.066342,0.100009,23552,1,78.41,
20260923T092752Z,stage1_mlm,step,2026-09-23T12:51:15+00:00,12202.9,,24100,544272704,604725760,1.222299,1.763405,0.160384,1.382683,0.00051185516538504,0.436246,28742.9,31570.3,0.051361,0.099968,23552,1,78.41,
20260923T092752Z,stage1_mlm,step,2026-09-23T12:52:32+00:00,12280.6,,24200,546402573,607094976,1.220522,1.760841,0.160289,1.380811,0.0005111799787478061,0.435718,27411.4,30491.8,0.049606,0.099972,23552,1,78.41,
20260923T092752Z,stage1_mlm,step,2026-09-23T12:53:35+00:00,12343.5,,24300,548533801,609465024,1.225568,1.768121,0.160325,1.385893,0.0005105011775973602,0.434531,33888.3,37685.8,0.06131,0.099975,23552,1,78.41,
20260923T092752Z,stage1_mlm,step,2026-09-23T12:54:59+00:00,12427.0,,24400,550688638,611835776,1.224664,1.766817,0.160282,1.384947,0.0005098146404640436,0.434309,25810.9,28397.2,0.046198,0.09994,23552,1,78.41,
20260923T092752Z,stage1_mlm,step,2026-09-23T12:56:01+00:00,12489.3,,24500,552827108,614206912,1.216914,1.755636,0.160324,1.377238,0.0005091303840805263,0.439164,34313.7,38047.0,0.061897,0.099933,23552,1,78.41,
20260923T092752Z,stage1_mlm,step,2026-09-23T12:57:22+00:00,12570.2,,24600,554938335,616577216,1.223675,1.76539,0.160361,1.384036,0.0005084526777150081,0.434427,26094.6,29296.7,0.047662,0.099969,23552,1,78.41,
20260923T092752Z,stage1_mlm,step,2026-09-23T12:58:39+00:00,12647.2,,24700,557014026,618944896,1.235591,1.782581,0.160373,1.395964,0.0005077830365629956,0.428353,26970.4,30764.4,0.05005,0.100059,23552,1,78.41,
20260923T092752Z,stage1_mlm,step,2026-09-23T12:59:46+00:00,12713.9,,24800,559058311,621312128,1.240291,1.789361,0.160335,1.400626,0.000507124736894972,0.426254,30628.2,35466.7,0.0577,0.100197,23552,1,78.41,
20260923T092752Z,stage1_mlm,step,2026-09-23T13:01:11+00:00,12799.1,,24900,561101795,623679232,1.237653,1.785555,0.160345,1.397998,0.0005064630648624094,0.426324,23998.1,27798.6,0.045225,0.100336,23552,1,78.41,
20260923T092752Z,stage1_mlm,step,2026-09-23T13:02:14+00:00,12862.8,,25000,563089954,626045120,1.238295,1.786483,0.160347,1.398642,0.0005058159050252009,0.426516,31204.9,37133.5,0.060411,0.10056,23552,1,78.41,
20260923T092752Z,stage1_mlm,step,2026-09-23T13:03:20+00:00,12928.7,,25100,565133434,628414144,1.241022,1.790416,0.160314,1.401336,0.0005051505942663072,0.425231,31003.2,35942.3,0.058473,0.100699,23552,1,78.41,
20260923T092752Z,stage1_mlm,step,2026-09-23T13:04:17+00:00,12985.8,,25200,567179170,630779648,1.239932,1.788843,0.160267,1.400199,0.0005044825840339549,0.426033,35812.3,41410.1,0.067369,0.100828,23552,1,78.41,
20260923T092752Z,stage1_mlm,step,2026-09-23T13:05:33+00:00,13061.4,,25300,569212843,633144960,1.236959,1.784555,0.160336,1.397296,0.000503818485477832,0.428346,26923.9,31314.4,0.050944,0.100975,23552,1,78.41,
20260923T092752Z,stage1_mlm,step,2026-09-23T13:06:33+00:00,13121.1,,25400,571229920,635511552,1.237378,1.785158,0.160368,1.397745,0.0005031559176146239,0.426374,33789.2,39644.1,0.064496,0.101149,23552,1,78.41,
20260923T092752Z,stage1_mlm,step,2026-09-23T13:07:36+00:00,13184.8,,25500,573278318,637878464,1.237334,1.785096,0.160333,1.397667,0.0005024805788279045,0.427818,32151.4,37150.8,0.060439,0.101273,23552,1,78.41,
20260923T092752Z,stage1_mlm,step,2026-09-23T13:09:35+00:00,13303.2,,25600,575340587,640246912,1.23965,1.788437,0.160326,1.399977,0.0005018009856414763,0.425517,17410.4,19995.2,0.03253,0.101377,23552,1,78.41,
20260923T092752Z,stage1_mlm,step,2026-09-23T13:11:15+00:00,13403.1,,25700,577380489,642613312,1.237967,1.786009,0.160359,1.398326,0.000501126417955312,0.425426,20435.6,23706.4,0.038567,0.101512,23552,1,78.41,
20260923T092752Z,stage1_mlm,step,2026-09-23T13:12:39+00:00,13487.9,,25800,579403909,644982080,1.239197,1.787784,0.160348,1.399546,0.0005004542829189893,0.426813,23856.2,27927.9,0.045435,0.101674,23552,1,78.41,
20260923T092752Z,stage1_mlm,step,2026-09-23T13:14:24+00:00,13592.8,,25900,581454728,647350720,1.23806,1.786143,0.160279,1.398339,0.00049977168917172,0.428341,19539.3,22567.3,0.036714,0.101793,23552,1,78.41,
20260923T092752Z,stage1_mlm,step,2026-09-23T13:15:57+00:00,13685.0,,26000,583467858,649703680,1.236546,1.783958,0.160303,1.396849,0.0004990997876511302,0.42691,21852.4,25541.3,0.041552,0.101948,23552,1,78.41,
20260923T092752Z,stage1_mlm,step,2026-09-23T13:17:26+00:00,13774.6,,26100,585504794,652069824,1.233136,1.77904,0.160256,1.393392,0.0004984198855317113,0.428796,22731.3,26405.1,0.042958,0.102083,23552,1,78.41,
20260923T092752Z,stage1_mlm,step,2026-09-23T13:19:20+00:00,13888.0,,26200,587709359,654445696,1.23326,1.779219,0.160375,1.393635,0.0004976810297270558,0.430245,19436.3,20946.6,0.034077,0.101974,23552,1,78.41,
20260923T092752Z,stage1_mlm,step,2026-09-23T13:20:29+00:00,13957.2,,26300,589943629,656828096,1.230168,1.774757,0.160354,1.390522,0.0004969292526794773,0.434521,32300.6,34442.1,0.056033,0.101829,23552,1,78.41,
20260923T092752Z,stage1_mlm,step,2026-09-23T13:22:17+00:00,14065.8,,26400,592194892,659206976,1.229685,1.774061,0.160335,1.39002,0.000496170638282646,0.434515,20722.8,21897.5,0.035624,0.101656,23552,1,78.41,
20260923T092752Z,stage1_mlm,step,2026-09-23T13:23:34+00:00,14142.4,,26500,594438958,661585408,1.228594,1.772486,0.160348,1.388942,0.0004954117411750244,0.43384,29295.1,31049.2,0.050513,0.101493,23552,1,78.41,
20260923T092752Z,stage1_mlm,step,2026-09-23T13:24:49+00:00,14217.1,,26600,596653461,663948736,1.230413,1.775111,0.160342,1.390755,0.0004946612740995942,0.433697,29644.2,31636.4,0.051468,0.101356,23552,1,78.41,
20260923T092752Z,stage1_mlm,step,2026-09-23T13:25:55+00:00,14283.7,,26700,598911811,666327680,1.22748,1.770879,0.160361,1.38784,0.0004938934765764178,0.436158,33911.5,35722.3,0.058115,0.101175,23552,1,78.41,
20260923T092752Z,stage1_mlm,step,2026-09-23T13:27:13+00:00,14361.1,,26800,601176858,668708544,1.228163,1.771865,0.160347,1.38851,0.0004931204237821578,0.435642,29277.1,30774.1,0.050065,0.100988,23552,1,78.41,
20260923T092752Z,stage1_mlm,step,2026-09-23T13:28:30+00:00,14438.3,,26900,603411018,671084800,1.227946,1.771551,0.160359,1.388305,0.0004923571310635992,0.435748,28938.2,30778.7,0.050073,0.100842,23552,1,78.41,
20260923T092752Z,stage1_mlm,step,2026-09-23T13:30:08+00:00,14536.2,,27000,605617371,673460224,1.227036,1.770239,0.160326,1.387362,0.0004916010578678537,0.436198,22521.6,24247.5,0.039447,0.100738,23552,1,78.41,
20260923T092752Z,stage1_mlm,step,2026-09-23T13:31:20+00:00,14608.5,,27100,607858971,675841600,1.227547,1.770976,0.160347,1.387894,0.0004908292125404541,0.435416,30997.1,32930.0,0.053573,0.10059,23552,1,78.41,
20260923T092752Z,stage1_mlm,step,2026-09-23T13:33:01+00:00,14709.6,,27200,610113050,678221248,1.224276,1.766257,0.160367,1.384643,0.0004900538929025257,0.437102,22314.3,23557.4,0.038325,0.100422,23552,1,78.41,
20260923T092752Z,stage1_mlm,step,2026-09-23T13:34:22+00:00,14790.3,,27300,612333594,680599040,1.227958,1.771569,0.160306,1.388264,0.0004892869228950601,0.435451,27512.5,29460.9,0.047929,0.100302,23552,1,78.41,
20260923T092752Z,stage1_mlm,step,2026-09-23T13:35:53+00:00,14881.0,,27400,614554994,682976704,1.228484,1.772327,0.160321,1.388805,0.0004885171131553042,0.435674,24485.4,26207.8,0.042637,0.100182,23552,1,78.41,
20260923T092752Z,stage1_mlm,step,2026-09-23T13:37:08+00:00,14956.5,,27500,616782690,685353856,1.229405,1.773657,0.160356,1.389761,0.0004877437768184304,0.434081,29496.9,31475.9,0.051207,0.100052,23552,1,78.41,
20260923T092752Z,stage1_mlm,step,2026-09-23T13:38:20+00:00,15028.5,,27600,619010607,687734208,1.227186,1.770456,0.16031,1.387497,0.0004869685338640449,0.435492,30961.8,33080.2,0.053817,0.099928,23552,1,78.41,
20260923T092752Z,stage1_mlm,step,2026-09-23T13:40:01+00:00,15129.6,,27700,621239924,690112512,1.225378,1.767847,0.160365,1.385743,0.0004861904817071349,0.436765,22051.5,23525.2,0.038272,0.099799,23552,1,78.41,
20260923T092752Z,stage1_mlm,step,2026-09-23T13:41:35+00:00,15223.7,,27800,623449184,692492032,1.22862,1.772524,0.160319,1.388939,0.00048541777651779964,0.434513,23470.7,25279.5,0.041126,0.099702,23552,1,78.41,
20260923T092752Z,stage1_mlm,step,2026-09-23T13:42:45+00:00,15293.5,,27900,625702310,694872384,1.226432,1.769368,0.160265,1.386697,0.00048462703886405624,0.437354,32287.1,34110.2,0.055493,0.099544,23552,1,78.41,
20260923T092752Z,stage1_mlm,step,2026-09-23T13:43:48+00:00,15356.6,,28000,627937071,697250176,1.227548,1.770978,0.160313,1.387861,0.00048384149034782955,0.435744,35422.6,37689.8,0.061316,0.099409,23552,1,78.41,
20260923T092752Z,stage1_mlm,step,2026-09-23T13:45:18+00:00,15446.5,,28100,630168840,699627520,1.227493,1.770899,0.160306,1.387799,0.0004830543073898162,0.435174,24807.6,26425.7,0.042991,0.09928,23552,1,78.41,
20260923T092752Z,stage1_mlm,step,2026-09-23T13:46:48+00:00,15536.4,,28200,632425607,702004480,1.227019,1.770215,0.160343,1.387362,0.00048225726355866273,0.435732,25108.6,26445.9,0.043024,0.099115,23552,1,78.41,
20260923T092752Z,stage1_mlm,step,2026-09-23T13:48:15+00:00,15623.2,,28300,634690881,704385792,1.22719,1.770461,0.160312,1.387503,0.00048145502334843705,0.436047,26102.0,27439.0,0.04464,0.098944,23552,1,78.41,
20260923T092752Z,stage1_mlm,step,2026-09-23T13:49:47+00:00,15715.8,,28400,636908482,706764480,1.227008,1.770198,0.160289,1.387296,0.000480665812963553,0.436845,23942.2,25681.4,0.04178,0.098839,23552,1,78.41,
20260923T092752Z,stage1_mlm,step,2026-09-23T13:51:01+00:00,15789.9,,28500,639138101,709145536,1.225237,1.767643,0.160285,1.385522,0.00047987410872095545,0.437758,30116.7,32162.3,0.052324,0.098721,23552,1,78.41,
20260923T092752Z,stage1_mlm,step,2026-09-23T13:53:34+00:00,15942.3,,28600,641364025,711525120,1.226718,1.76978,0.160269,1.386987,0.00047907996359428513,0.436468,14605.3,15613.5,0.025401,0.098607,23552,1,78.41,
20260923T092752Z,stage1_mlm,step,2026-09-23T13:55:07+00:00,16035.3,,28700,643613436,713910336,1.227208,1.770486,0.160327,1.387535,0.0004782754512948004,0.436164,24167.5,25626.6,0.041691,0.098467,23552,1,78.41,
20260923T092752Z,stage1_mlm,step,2026-09-23T13:57:51+00:00,16198.9,,28800,645828703,716289024,1.227903,1.771489,0.160354,1.388257,0.00047748098317262113,0.436909,13541.0,14539.9,0.023655,0.098369,23552,1,78.41,
20260923T092752Z,stage1_mlm,step,2026-09-23T13:59:28+00:00,16296.1,,28900,648067949,718666432,1.226505,1.769473,0.160291,1.386796,0.00047667645060018454,0.435919,23038.1,24459.6,0.039793,0.098235,23552,1,78.41,
20260923T092752Z,stage1_mlm,step,2026-09-23T14:01:05+00:00,16393.5,,29000,650302874,721044736,1.227551,1.770982,0.160286,1.387837,0.00047587224142201515,0.435684,22956.9,24429.7,0.039744,0.09811,23552,1,78.41,
20260923T092752Z,stage1_mlm,step,2026-09-23T14:02:56+00:00,16504.8,,29100,652526718,723426240,1.227933,1.771532,0.160315,1.388247,0.0004750691484088789,0.435295,19983.0,21399.7,0.034814,0.098005,23552,1,78.41,
20260923T092752Z,stage1_mlm,step,2026-09-23T14:04:50+00:00,16618.6,,29200,654699668,725798400,1.227925,1.771521,0.160318,1.388243,0.00047428308906520805,0.434707,19094.1,20844.6,0.033911,0.097959,23552,1,78.41,
20260923T092752Z,stage1_mlm,step,2026-09-23T14:06:40+00:00,16728.5,,29300,656775204,728164672,1.222585,1.763817,0.160306,1.382891,0.0004735314274929012,0.436363,18884.5,21529.8,0.035026,0.09804,23552,1,78.41,
20260923T092752Z,stage1_mlm,step,2026-09-23T14:07:44+00:00,16792.5,,29400,658924039,730532736,1.227095,1.770323,0.1603,1.387395,0.0004727500869390052,0.432858,33576.0,37001.6,0.060197,0.098023,23552,1,78.41,
20260923T092752Z,stage1_mlm,step,2026-09-23T14:09:22+00:00,16890.0,,29500,661023450,732899456,1.227784,1.771317,0.160342,1.388126,0.0004719864446839102,0.434449,21520.0,24260.0,0.039468,0.098071,23552,1,78.41,
20260923T092752Z,stage1_mlm,step,2026-09-23T14:11:12+00:00,16999.9,,29600,663130868,735266496,1.226272,1.769137,0.160258,1.38653,0.0004712174702241661,0.435043,19175.6,21537.9,0.035039,0.098108,23552,1,78.41,
20260923T092752Z,stage1_mlm,step,2026-09-23T14:12:19+00:00,17067.6,,29700,665270497,737637120,1.225274,1.767697,0.160309,1.385583,0.0004704357017118155,0.434071,31615.8,35029.1,0.056988,0.098106,23552,1,78.41,
20260923T092752Z,stage1_mlm,step,2026-09-23T14:14:16+00:00,17184.2,,29800,667385873,740004672,1.227701,1.771199,0.1603,1.388002,0.00046966109723330774,0.433362,18147.1,20310.4,0.033042,0.098133,23552,1,78.41,
20260923T092752Z,stage1_mlm,step,2026-09-23T14:15:36+00:00,17264.0,,29900,669483842,742371840,1.223766,1.765521,0.160302,1.384067,0.00046889023642251944,0.433965,26285.6,29658.4,0.04825,0.098183,23552,1,78.41,
20260923T092752Z,stage1_mlm,step,2026-09-23T14:16:58+00:00,17346.0,,30000,671584693,744740800,1.226219,1.76906,0.160348,1.386566,0.0004681168262517376,0.433914,25604.5,28872.1,0.046971,0.09823,23552,1,78.41,
20260923T092752Z,stage1_mlm,step,2026-09-23T14:18:57+00:00,17465.7,,30100,673691532,747107648,1.225838,1.768511,0.160269,1.386107,0.00046734210417431976,0.434459,17612.5,19786.1,0.032189,0.098267,23552,1,78.41,
20260923T092752Z,stage1_mlm,step,2026-09-23T14:20:08+00:00,17536.0,,30200,675792786,749475136,1.227691,1.771184,0.160265,1.387956,0.0004665661374344218,0.433171,29881.5,33667.6,0.054773,0.098312,23552,1,78.41,
20260923T092752Z,stage1_mlm,step,2026-09-23T14:21:25+00:00,17613.2,,30300,677908252,751842048,1.224206,1.766155,0.160269,1.384475,0.00046578331360686557,0.434848,27392.3,30648.1,0.04986,0.098337,23552,1,78.41,
20260923T092752Z,stage1_mlm,step,2026-09-23T14:22:31+00:00,17679.6,,30400,680024189,754210688,1.226708,1.769766,0.160242,1.38695,0.00046499951732296795,0.43491,31859.1,35664.0,0.058021,0.098363,23552,1,78.41,
20260923T092752Z,stage1_mlm,step,2026-09-23T14:23:33+00:00,17741.5,,30500,682122410,756578176,1.226333,1.769225,0.160277,1.38661,0.00046422005876550787,0.433813,33916.0,38268.4,0.062258,0.098411,23552,1,78.41,
20260923T092752Z,stage1_mlm,step,2026-09-23T14:25:18+00:00,17846.2,,30600,684235113,758945536,1.225114,1.767466,0.160333,1.385447,0.0004634328563312625,0.434306,20186.9,22620.1,0.0368,0.09844,23552,1,78.41,
20260923T092752Z,stage1_mlm,step,2026-09-23T14:26:49+00:00,17937.9,,30700,686333909,761308096,1.226324,1.769212,0.160284,1.386609,0.00046265024838330855,0.433665,22877.6,25752.7,0.041896,0.098481,23552,1,78.41,
20260923T092752Z,stage1_mlm,step,2026-09-23T14:28:08+00:00,18016.1,,30800,688440011,763675264,1.22307,1.764517,0.16025,1.38332,0.0004618650370148296,0.43528,26925.4,30263.0,0.049234,0.098517,23552,1,78.41,
20260923T092752Z,stage1_mlm,step,2026-09-23T14:29:53+00:00,18121.7,,30900,690467889,766054400,1.23011,1.774673,0.160281,1.39039,0.00046110628593698744,0.430964,19199.2,22524.8,0.036645,0.09867,23552,1,78.41,
20260923T092752Z,stage1_mlm,step,2026-09-23T14:31:20+00:00,18208.3,,31000,692448758,768423936,1.229324,1.773539,0.16026,1.389583,0.00046036220573502946,0.432314,22891.5,27383.1,0.044549,0.098871,23552,1,78.41,
20260923T092752Z,stage1_mlm,step,2026-09-23T14:32:53+00:00,18301.4,,31100,694417488,770788224,1.2306,1.77538,0.160259,1.390859,0.0004596231273445168,0.431356,21129.0,25374.3,0.041281,0.099081,23552,1,78.41,
20260923T092752Z,stage1_mlm,step,2026-09-23T14:34:38+00:00,18406.0,,31200,696432172,773153792,1.228204,1.771924,0.160245,1.38845,0.00045886442029767634,0.43154,19274.9,22631.8,0.036819,0.099232,23552,1,78.41,
20260923T092752Z,stage1_mlm,step,2026-09-23T14:36:03+00:00,18491.6,,31300,698439994,775517376,1.229952,1.774445,0.160235,1.390187,0.0004581101090589545,0.431855,23446.2,27600.6,0.044903,0.099388,23552,1,78.41,
20260923T092752Z,stage1_mlm,step,2026-09-23T14:37:37+00:00,18584.9,,31400,700450692,777885824,1.233257,1.779213,0.16027,1.393527,0.0004573499861596146,0.429941,21543.5,25376.6,0.041284,0.099546,23552,1,78.41,
20260923T092752Z,stage1_mlm,step,2026-09-23T14:39:11+00:00,18679.3,,31500,702460186,780250752,1.226991,1.770174,0.16024,1.387231,0.000456590249025218,0.432135,21302.7,25070.7,0.040787,0.099699,23552,1,78.41,
20260923T092752Z,stage1_mlm,step,2026-09-23T14:40:25+00:00,18753.3,,31600,704464513,782617856,1.226606,1.769619,0.160226,1.386833,0.00045583262301682155,0.431338,27088.8,31991.8,0.052046,0.099861,23552,1,78.41,
20260923T092752Z,stage1_mlm,step,2026-09-23T14:41:31+00:00,18819.2,,31700,706448617,784984128,1.227677,1.771163,0.160225,1.387902,0.0004550785231739291,0.43276,30095.0,35891.7,0.058391,0.100047,23552,1,78.41,
20260923T092752Z,stage1_mlm,step,2026-09-23T14:42:54+00:00,18902.5,,31800,708442559,787348224,1.232214,1.777709,0.160267,1.392481,0.0004543227123769385,0.430974,23921.8,28362.7,0.046142,0.100217,23552,1,78.41,
20260923T092752Z,stage1_mlm,step,2026-09-23T14:44:08+00:00,18976.4,,31900,710494668,789719168,1.227676,1.771163,0.160223,1.387899,0.0004535398399315244,0.4331,27776.7,32092.3,0.05221,0.10032,23552,1,78.41,
20260923T092752Z,stage1_mlm,step,2026-09-23T14:45:55+00:00,19083.7,,32000,712522131,792087552,1.226604,1.769616,0.160243,1.386847,0.00045276876420048267,0.4343,18907.0,22086.3,0.035931,0.10045,23552,1,78.41,
20260923T092752Z,stage1_mlm,step,2026-09-23T14:47:23+00:00,19171.2,,32100,714506152,794453120,1.229401,1.773651,0.160269,1.38967,0.00045201117853314437,0.431657,22661.0,27018.9,0.043956,0.100631,23552,1,78.41,
20260923T092752Z,stage1_mlm,step,2026-09-23T14:48:39+00:00,19247.3,,32200,716519060,796800832,1.228823,1.772816,0.160263,1.389086,0.0004512393461416081,0.431404,26461.6,30862.9,0.05021,0.100755,23552,1,78.41,
20260923T092752Z,stage1_mlm,step,2026-09-23T14:50:44+00:00,19371.9,,32300,718604022,799160256,1.228352,1.772137,0.160255,1.388607,0.0004504419203961668,0.431125,16729.0,18931.2,0.030799,0.100801,23552,1,78.41,
20260923T092752Z,stage1_mlm,step,2026-09-23T14:51:57+00:00,19445.8,,32400,720679623,801528640,1.221936,1.762881,0.160266,1.382202,0.00044964609924793387,0.436278,28075.6,32036.0,0.052118,0.100869,23552,1,78.41,
20260923T092752Z,stage1_mlm,step,2026-09-23T14:52:57+00:00,19505.9,,32500,722758316,803894720,1.221001,1.761532,0.160272,1.381273,0.00044884716732590687,0.435685,34633.2,39421.3,0.064133,0.100929,23552,1,78.41,
20260923T092752Z,stage1_mlm,step,2026-09-23T14:54:18+00:00,19586.7,,32600,724855130,806266112,1.224371,1.766394,0.160225,1.384596,0.00044803877955783316,0.434157,25949.9,29348.0,0.047745,0.100973,23552,1,78.41,
20260923T092752Z,stage1_mlm,step,2026-09-23T14:56:06+00:00,19694.1,,32700,726911882,808633472,1.220751,1.761171,0.160254,1.381005,0.00044724659971926144,0.436705,19135.1,22024.9,0.035832,0.101061,23552,1,78.41,
20260923T092752Z,stage1_mlm,step,2026-09-23T14:57:38+00:00,19786.8,,32800,729014175,811002240,1.224945,1.767222,0.160261,1.385205,0.00044643442327258663,0.434454,22676.9,25551.4,0.041569,0.101095,23552,1,78.41,
20260923T092752Z,stage1_mlm,step,2026-09-23T14:59:00+00:00,19868.5,,32900,731103857,813369088,1.226117,1.768913,0.160239,1.386356,0.0004456261763922767,0.433373,25595.2,28990.0,0.047163,0.101141,23552,1,78.41,
20260923T092752Z,stage1_mlm,step,2026-09-23T15:00:45+00:00,19973.6,,33000,733230326,815739520,1.225589,1.768151,0.160261,1.385849,0.00044480114248796895,0.434773,20236.0,22557.7,0.036698,0.101146,23552,1,78.41,
20260923T092752Z,stage1_mlm,step,2026-09-23T15:02:01+00:00,20049.4,,33100,735329334,818122112,1.22561,1.768181,0.160316,1.385926,0.00044398797954437364,0.433437,27690.2,31431.2,0.051134,0.101199,23552,1,78.41,
20260923T092752Z,stage1_mlm,step,2026-09-23T15:03:05+00:00,20113.6,,33200,737457023,820491328,1.224599,1.766723,0.160235,1.384834,0.00044316071052184156,0.43427,33130.0,36890.8,0.060016,0.101201,23552,1,78.41,
20260923T092752Z,stage1_mlm,step,2026-09-23T15:04:31+00:00,20199.6,,33300,739542988,822857792,1.224231,1.766192,0.160237,1.384468,0.000442348012733553,0.435648,24266.3,27529.3,0.044787,0.101251,23552,1,78.41,
20260923T092752Z,stage1_mlm,step,2026-09-23T15:05:55+00:00,20283.3,,33400,741665213,825226240,1.223804,1.765576,0.160223,1.384027,0.0004415219450854282,0.434627,25348.9,28289.9,0.046024,0.101258,23552,1,78.41,
20260923T092752Z,stage1_mlm,step,2026-09-23T15:07:34+00:00,20382.7,,33500,743755085,827593984,1.219721,1.759685,0.160311,1.380032,0.0004407039590000355,0.436692,21012.0,23805.7,0.038729,0.101304,23552,1,78.41,
20260923T092752Z,stage1_mlm,step,2026-09-23T15:08:49+00:00,20457.3,,33600,745847440,829962432,1.223071,1.764519,0.160333,1.383405,0.0004398874368273032,0.43632,28076.0,31780.7,0.051703,0.101348,23552,1,78.41,
20260923T092752Z,stage1_mlm,step,2026-09-23T15:10:06+00:00,20534.3,,33700,747935050,832332032,1.225215,1.767611,0.160224,1.385439,0.00043906835087457416,0.434145,27108.6,30770.4,0.050059,0.101398,23552,1,78.41,
20260923T092752Z,stage1_mlm,step,2026-09-23T15:11:31+00:00,20619.6,,33800,750071330,834702080,1.228907,1.772938,0.160301,1.389208,0.00043823219227063863,0.43011,25025.5,27764.0,0.045168,0.10139,23552,1,78.41,
20260923T092752Z,stage1_mlm,step,2026-09-23T15:12:45+00:00,20693.6,,33900,752317517,837083648,1.247459,1.799702,0.160346,1.407805,0.00043734975191694696,0.418664,30387.5,32219.0,0.052416,0.101264,23552,1,78.41,
20260923T092752Z,stage1_mlm,step,2026-09-23T15:14:16+00:00,20784.4,,34000,754556615,839464256,1.250391,1.803933,0.160328,1.410719,0.0004364687461834055,0.417218,24641.8,26199.2,0.042623,0.101145,23552,1,78.41,
20260923T092752Z,stage1_mlm,step,2026-09-23T15:15:33+00:00,20861.4,,34100,756791369,841840704,1.246541,1.798379,0.160279,1.40682,0.0004355883375437736,0.418985,29022.8,30863.0,0.05021,0.101028,23552,1,78.41,
20260923T092752Z,stage1_mlm,step,2026-09-23T15:17:03+00:00,20951.7,,34200,759021732,844217664,1.243205,1.793565,0.160362,1.403567,0.0004347085229746172,0.423024,24707.4,26331.4,0.042838,0.100917,23552,1,78.41,
20260923T092752Z,stage1_mlm,step,2026-09-23T15:18:36+00:00,21044.4,,34300,761247763,846595456,1.243845,1.794489,0.160311,1.404156,0.00043382867988317513,0.420673,24023.4,25661.2,0.041747,0.100813,23552,1,78.41,
20260923T092752Z,stage1_mlm,step,2026-09-23T15:19:38+00:00,21106.0,,34400,763481404,848974272,1.242379,1.792374,0.160384,1.402763,0.0004329452922878989,0.423394,36233.6,38588.6,0.062779,0.100701,23552,1,78.41,
20260923T092752Z,stage1_mlm,step,2026-09-23T15:20:39+00:00,21167.3,,34500,765701477,851351616,1.24158,1.791221,0.160295,1.401875,0.00043206520691449664,0.423687,36236.3,38803.3,0.063128,0.100605,23552,1,78.41,
20260923T092752Z,stage1_mlm,step,2026-09-23T15:22:04+00:00,21252.9,,34600,767951896,853739456,1.239241,1.787846,0.160346,1.399586,0.0004311720406874699,0.42416,26290.3,27895.7,0.045383,0.100484,23552,1,78.41,
20260923T092752Z,stage1_mlm,step,2026-09-23T15:23:35+00:00,21343.7,,34700,770176834,856117888,1.240393,1.789508,0.160322,1.400715,0.0004302872424934511,0.425621,24499.5,26189.7,0.042607,0.100385,23552,1,78.41,
20260923T092752Z,stage1_mlm,step,2026-09-23T15:24:51+00:00,21419.7,,34800,772407531,858497216,1.238801,1.787212,0.160379,1.399181,0.0004293999703729699,0.425892,29353.2,31309.0,0.050936,0.10028,23552,1,78.41,
20260923T092752Z,stage1_mlm,step,2026-09-23T15:26:25+00:00,21513.6,,34900,774641445,860877504,1.235723,1.782772,0.16038,1.396103,0.0004285092023829677,0.427927,23784.6,25343.1,0.04123,0.100172,23552,1,78.41,
20260923T092752Z,stage1_mlm,step,2026-09-23T15:27:38+00:00,21585.9,,35000,776881391,863259264,1.239012,1.787516,0.160321,1.399333,0.00042761520630626965,0.425888,30967.8,32928.5,0.05357,0.10006,23552,1,78.41,
20260923T092752Z,stage1_mlm,step,2026-09-23T15:29:15+00:00,21683.4,,35100,779112318,865636416,1.235688,1.782721,0.160419,1.396107,0.0004267233919446054,0.42699,22892.9,24393.4,0.039685,0.099954,23552,1,78.41,
20260923T092752Z,stage1_mlm,step,2026-09-23T15:30:24+00:00,21752.4,,35200,781332240,868015552,1.230124,1.774694,0.160511,1.390635,0.0004258345221851364,0.430454,32168.7,34475.9,0.056088,0.099864,23552,1,78.41,
20260923T092752Z,stage1_mlm,step,2026-09-23T15:32:10+00:00,21858.0,,35300,783553808,870395008,1.233051,1.778917,0.160477,1.393529,0.0004249449910295138,0.428297,21039.4,22534.6,0.036661,0.099772,23552,1,78.41,
20260923T092752Z,stage1_mlm,step,2026-09-23T15:33:44+00:00,21951.9,,35400,785779821,872772160,1.23365,1.77978,0.160339,1.393989,0.0004240513681815113,0.42977,23697.2,25306.2,0.04117,0.099674,23552,1,78.41,
20260923T092752Z,stage1_mlm,step,2026-09-23T15:34:46+00:00,22014.1,,35500,788027208,875153920,1.227156,1.770412,0.160459,1.387615,0.0004231485961046901,0.432207,36135.3,38295.8,0.062302,0.099556,23552,1,78.41,
20260923T092752Z,stage1_mlm,step,2026-09-23T15:36:22+00:00,22110.2,,35600,790225584,877538240,1.23155,1.776752,0.160371,1.391922,0.0004222632807371354,0.429462,22887.5,24823.4,0.040384,0.099497,23552,1,78.41,
20260923T092752Z,stage1_mlm,step,2026-09-23T15:37:26+00:00,22174.3,,35700,792458543,879916608,1.226988,1.770169,0.160379,1.387367,0.00042136396668697646,0.433648,34839.9,37108.6,0.060371,0.099394,23552,1,78.41,
20260923T092752Z,stage1_mlm,step,2026-09-23T15:38:37+00:00,22245.3,,35800,794693030,882295872,1.22762,1.771082,0.160418,1.388038,0.00042046313272611286,0.432604,31442.6,33479.8,0.054467,0.09929,23552,1,78.41,
20260923T092752Z,stage1_mlm,step,2026-09-23T15:40:02+00:00,22330.8,,35900,796904783,884670912,1.229008,1.773084,0.160441,1.389449,0.0004195692304587768,0.432236,25885.4,27796.4,0.045221,0.099208,23552,1,78.41,
20260923T092752Z,stage1_mlm,step,2026-09-23T15:41:17+00:00,22405.1,,36000,799138847,887049600,1.220995,1.761524,0.160485,1.38148,0.00041866519858867223,0.435745,30054.6,32000.2,0.05206,0.099105,23552,1,78.41,
20260923T092752Z,stage1_mlm,step,2026-09-23T15:42:40+00:00,22488.4,,36100,801378343,889427840,1.21843,1.757822,0.16043,1.37886,0.0004177595986341588,0.438864,26880.0,28545.3,0.046439,0.098996,23552,1,78.41,
20260923T092752Z,stage1_mlm,step,2026-09-23T15:44:08+00:00,22576.8,,36200,803611513,891786944,1.216983,1.755736,0.16046,1.377443,0.0004168542636386484,0.43974,25260.2,26684.7,0.043412,0.098875,23552,1,78.41,
20260923T092752Z,stage1_mlm,step,2026-09-23T15:45:25+00:00,22653.5,,36300,805816640,894163840,1.213916,1.751311,0.160476,1.374392,0.00041595902361623135,0.440666,28753.9,30993.7,0.050423,0.098804,23552,1,78.41,
20260923T092752Z,stage1_mlm,step,2026-09-23T15:46:58+00:00,22746.4,,36400,808043954,896551360,1.217228,1.756088,0.160463,1.37769,0.00041505307148263884,0.438374,23966.0,25689.8,0.041794,0.09872,23552,1,78.41,
20260923T092752Z,stage1_mlm,step,2026-09-23T15:48:02+00:00,22810.3,,36500,810249213,898928064,1.207913,1.74265,0.160487,1.3684,0.0004141558949061412,0.444491,34562.5,37249.5,0.0606,0.09865,23552,1,78.41,
20260923T092752Z,stage1_mlm,step,2026-09-23T15:49:42+00:00,22910.1,,36600,812449200,901301760,1.215441,1.753511,0.160363,1.375804,0.0004132591224292109,0.439966,22033.2,23772.9,0.038675,0.098582,23552,1,78.41,
20260923T092752Z,stage1_mlm,step,2026-09-23T15:50:41+00:00,22969.8,,36700,814667980,903672768,1.218701,1.758213,0.1604,1.379101,0.00041235644046505246,0.436636,37191.6,39743.2,0.064657,0.098492,23552,1,78.41,
20260923T092752Z,stage1_mlm,step,2026-09-23T15:51:48+00:00,23036.6,,36800,816907699,906052096,1.217822,1.756945,0.160502,1.378324,0.0004114416454077078,0.438711,33531.2,35621.3,0.057951,0.098388,23552,1,78.41,
20260923T092752Z,stage1_mlm,step,2026-09-23T15:52:47+00:00,23095.0,,36900,819105268,908426176,1.221596,1.762391,0.160381,1.381977,0.0004105439720995072,0.435998,37580.9,40599.4,0.06605,0.098325,23552,1,78.41,
20260923T092752Z,stage1_mlm,step,2026-09-23T15:53:45+00:00,23153.0,,37000,821288746,910784832,1.221659,1.762481,0.160389,1.382047,0.00040964966471903296,0.436505,37689.9,40713.7,0.066236,0.098263,23552,1,78.41,
20260923T092752Z,stage1_mlm,step,2026-09-23T15:55:03+00:00,23231.6,,37100,823492122,913162176,1.214889,1.752714,0.160455,1.375344,0.0004087475441085753,0.441818,28011.1,30222.8,0.049168,0.098197,23552,1,78.41,
20260923T092752Z,stage1_mlm,step,2026-09-23T15:56:10+00:00,23298.3,,37200,825690325,915535680,1.221982,1.762948,0.160355,1.382337,0.0004078464728825505,0.436445,32991.6,35622.6,0.057953,0.098134,23552,1,78.41,
20260923T092752Z,stage1_mlm,step,2026-09-23T15:57:46+00:00,23394.7,,37300,827897985,917913536,1.218207,1.757501,0.160438,1.378645,0.0004069408935867152,0.436924,22899.7,24665.1,0.040127,0.098065,23552,1,78.41,
20260923T092752Z,stage1_mlm,step,2026-09-23T15:58:56+00:00,23464.1,,37400,830086298,920306816,1.215123,1.753052,0.160409,1.375532,0.0004060412663943655,0.440782,31505.4,34456.4,0.056056,0.098033,23552,1,78.41,
20260923T092752Z,stage1_mlm,step,2026-09-23T16:00:26+00:00,23554.7,,37500,832261706,922678016,1.206382,1.740442,0.160535,1.366918,0.0004051447620054283,0.444355,24006.2,26166.8,0.04257,0.097993,23552,1,78.41,
20260923T092752Z,stage1_mlm,step,2026-09-23T16:01:32+00:00,23620.6,,37600,834481004,925053504,1.209483,1.744915,0.160374,1.369857,0.0004042336671803506,0.44262,33690.7,36061.8,0.058668,0.097911,23552,1,78.41,
20260923T092752Z,stage1_mlm,step,2026-09-23T16:02:57+00:00,23705.3,,37700,836670232,927428480,1.207802,1.74249,0.160414,1.368216,0.000403330928380586,0.444443,25851.5,28044.9,0.045625,0.09786,23552,1,78.41,
20260923T092752Z,stage1_mlm,step,2026-09-23T16:04:13+00:00,23781.5,,37800,838874217,929801728,1.206009,1.739904,0.160335,1.366344,0.00040242176400904144,0.446198,28939.3,31161.8,0.050696,0.097792,23552,1,78.41,
20260923T092752Z,stage1_mlm,step,2026-09-23T16:05:23+00:00,23851.0,,37900,841090596,932177408,1.212602,1.749415,0.160386,1.372989,0.0004015060222502726,0.441286,31883.4,34175.0,0.055598,0.097714,23552,1,78.41,
20260923T092752Z,stage1_mlm,step,2026-09-23T16:06:48+00:00,23936.1,,38000,843270834,934551808,1.21307,1.750091,0.160321,1.373391,0.000400604230027328,0.442432,25606.6,27887.0,0.045368,0.097674,23552,1,78.41,
20260923T092752Z,stage1_mlm,step,2026-09-23T16:07:53+00:00,24001.4,,38100,845443059,936927168,1.207,1.741333,0.160379,1.367378,0.000399706857332353,0.443822,33272.5,36383.9,0.059192,0.097643,23552,1,78.41,
20260923T092752Z,stage1_mlm,step,2026-09-23T16:08:52+00:00,24060.5,,38200,847645452,939309056,1.211577,1.747936,0.160356,1.371933,0.00039879440016070774,0.441703,37269.2,40306.6,0.065573,0.097586,23552,1,78.41,
20260923T092752Z,stage1_mlm,step,2026-09-23T16:09:56+00:00,24124.5,,38300,849832856,941684736,1.204949,1.738373,0.160384,1.365333,0.00039788820886137974,0.446302,34166.1,37106.8,0.060368,0.09754,23552,1,78.41,
20260923T092752Z,stage1_mlm,step,2026-09-23T16:10:56+00:00,24184.3,,38400,852021699,944060608,1.20241,1.734712,0.160465,1.362876,0.00039697984631700963,0.44744,36641.4,39772.3,0.064704,0.097493,23552,1,78.41,
20260923T092752Z,stage1_mlm,step,2026-09-23T16:11:56+00:00,24244.2,,38500,854216940,946441344,1.200649,1.73217,0.160444,1.361093,0.00039606963263133683,0.448484,36630.7,39726.0,0.064629,0.097443,23552,1,78.41,
20260923T092752Z,stage1_mlm,step,2026-09-23T16:13:02+00:00,24310.6,,38600,856407594,948815232,1.207972,1.742735,0.160408,1.36838,0.00039515852642802503,0.444251,33004.0,35764.6,0.058184,0.097393,23552,1,78.41,
20260923T092752Z,stage1_mlm,step,2026-09-23T16:14:18+00:00,24386.8,,38700,858603342,951190080,1.209309,1.744664,0.160386,1.369695,0.00039424581365321603,0.442393,28791.6,31140.1,0.050661,0.097338,23552,1,78.41,
20260923T092752Z,stage1_mlm,step,2026-09-23T16:15:44+00:00,24472.3,,38800,860803152,953564480,1.205411,1.73904,0.160349,1.36576,0.0003933299345059532,0.444472,25745.8,27789.1,0.045209,0.097279,23552,1,78.41,
20260923T092752Z,stage1_mlm,step,2026-09-23T16:16:44+00:00,24532.9,,38900,862819379,955930176,1.226382,1.769295,0.16028,1.386662,0.0003924882476371686,0.432678,33254.6,39018.5,0.063478,0.097403,23552,1,78.41,
20260923T092752Z,stage1_mlm,step,2026-09-23T16:18:03+00:00,24610.9,,39000,864772934,958293440,1.235618,1.78262,0.160265,1.395882,0.0003916737698926748,0.427745,25043.0,30295.1,0.049286,0.097591,23552,1,78.41,
20260923T092752Z,stage1_mlm,step,2026-09-23T16:19:12+00:00,24680.5,,39100,866756372,960657600,1.234646,1.781217,0.160266,1.394911,0.0003908462271347105,0.428395,28515.1,33988.6,0.055295,0.097747,23552,1,78.41,
20260923T092752Z,stage1_mlm,step,2026-09-23T16:20:17+00:00,24745.7,,39200,868716024,963021184,1.235438,1.78236,0.160234,1.395672,0.0003900295967459943,0.428218,30042.4,36234.9,0.058949,0.097926,23552,1,78.41,
20260923T092752Z,stage1_mlm,step,2026-09-23T16:21:43+00:00,24831.2,,39300,870688204,965384256,1.23508,1.781843,0.160257,1.395337,0.00038920398951954326,0.428025,23065.8,27637.6,0.044963,0.098092,23552,1,78.41,
20260923T092752Z,stage1_mlm,step,2026-09-23T16:22:39+00:00,24887.7,,39400,872676947,967749056,1.238677,1.787033,0.160282,1.398959,0.0003883724549070311,0.425603,35204.9,41861.9,0.068104,0.09824,23552,1,78.41,
20260923T092752Z,stage1_mlm,step,2026-09-23T16:23:55+00:00,24963.2,,39500,874662964,970112640,1.234431,1.780907,0.160285,1.394716,0.00038754229332715385,0.429379,26305.8,31306.8,0.050932,0.09839,23552,1,78.41,
20260923T092752Z,stage1_mlm,step,2026-09-23T16:25:06+00:00,25034.4,,39600,876614230,972476352,1.237854,1.785846,0.160247,1.398101,0.0003867261789997851,0.425978,27387.9,33177.0,0.053975,0.098575,23552,1,78.41,
20260923T092752Z,stage1_mlm,step,2026-09-23T16:26:01+00:00,25089.6,,39700,878580340,974847296,1.231262,1.776335,0.160227,1.391489,0.00038590073284005405,0.431793,35603.2,42934.1,0.069848,0.098751,23552,1,78.41,
20260923T092752Z,stage1_mlm,step,2026-09-23T16:27:06+00:00,25154.3,,39800,880567390,977207616,1.238215,1.786367,0.160245,1.39846,0.00038506765060142886,0.426907,30714.5,36484.3,0.059355,0.098894,23552,1,78.41,
20260923T092752Z,stage1_mlm,step,2026-09-23T16:28:02+00:00,25210.7,,39900,882544471,979571456,1.232732,1.778457,0.160217,1.392949,0.00038424014056874766,0.429918,35076.1,41937.7,0.068227,0.09905,23552,1,78.41,
20260923T092752Z,stage1_mlm,step,2026-09-23T16:29:00+00:00,25268.5,,40000,884503472,981935552,1.236684,1.784157,0.160227,1.39691,0.00038341468101782893,0.428,33878.4,40884.0,0.066513,0.099225,23552,1,78.41,
20260923T092752Z,stage1_mlm,step,2026-09-23T16:30:06+00:00,25334.0,,40100,886489675,984299968,1.234273,1.78068,0.160214,1.394487,0.00038258322808093097,0.428938,30328.6,36103.8,0.058736,0.09937,23552,1,78.41,
20260923T092752Z,stage1_mlm,step,2026-09-23T16:31:21+00:00,25409.2,,40200,888543566,986671680,1.228515,1.772372,0.160269,1.388784,0.00038172035137309745,0.431926,27323.6,31551.7,0.05133,0.099454,23552,1,78.41,
20260923T092752Z,stage1_mlm,step,2026-09-23T16:32:41+00:00,25489.7,,40300,890622065,989039168,1.223923,1.765748,0.160273,1.384196,0.0003808428579072275,0.435889,25802.0,29389.5,0.047813,0.099508,23552,1,78.41,
20260923T092752Z,stage1_mlm,step,2026-09-23T16:33:41+00:00,25549.6,,40400,892697573,991408448,1.220644,1.761018,0.160274,1.380919,0.00037997043692183734,0.438218,34668.9,39576.1,0.064385,0.099566,23552,1,78.41,
20260923T092752Z,stage1_mlm,step,2026-09-23T16:35:04+00:00,25632.4,,40500,894757454,993778112,1.222818,1.764153,0.160281,1.383098,0.00037910516792142185,0.435768,24894.6,28638.5,0.046591,0.099641,23552,1,78.41,
20260923T092752Z,stage1_mlm,step,2026-09-23T16:36:14+00:00,25702.5,,40600,896863705,996152896,1.224789,1.766997,0.160251,1.385039,0.0003782174421180237,0.435618,30025.5,33853.6,0.055075,0.099673,23552,1,78.41,
20260923T092752Z,stage1_mlm,step,2026-09-23T16:37:26+00:00,25774.1,,40700,898989926,998526912,1.22408,1.765974,0.160272,1.384352,0.0003773210298859865,0.435134,29711.9,33174.6,0.053971,0.099684,23552,1,78.41,
20260923T092752Z,stage1_mlm,step,2026-09-23T16:38:45+00:00,25853.1,,40800,901011293,1000893312,1.223822,1.765602,0.160261,1.384083,0.00037646833145857356,0.434554,25567.6,29931.9,0.048695,0.099793,23552,1,78.41,
20260923T092752Z,stage1_mlm,step,2026-09-23T16:39:48+00:00,25916.6,,40900,903091833,1003262016,1.219483,1.759342,0.160248,1.379731,0.0003755895667107588,0.438599,32782.8,37323.4,0.06072,0.099844,23552,1,78.41,
20260923T092752Z,stage1_mlm,step,2026-09-23T16:41:12+00:00,26000.0,,41000,905180604,1005628928,1.222335,1.763457,0.16026,1.382595,0.00037470753730253537,0.437235,25036.5,28370.4,0.046155,0.099886,23552,1,78.41,
20260923T092752Z,stage1_mlm,step,2026-09-23T16:42:16+00:00,26064.9,,41100,907233955,1007997952,1.221862,1.762774,0.160268,1.38213,0.0003738393538992656,0.436757,31658.4,36525.5,0.059422,0.099964,23552,1,78.41,
20260923T092752Z,stage1_mlm,step,2026-09-23T16:43:15+00:00,26123.5,,41200,909283785,1010365440,1.22377,1.765527,0.160267,1.384037,0.00037297117627551734,0.435424,34945.9,40361.4,0.065663,0.100045,23552,1,78.41,
20260923T092752Z,stage1_mlm,step,2026-09-23T16:44:25+00:00,26193.0,,41300,911377739,1012734016,1.221402,1.76211,0.160292,1.381694,0.00037208443806404447,0.436905,30136.1,34088.5,0.055457,0.100082,23552,1,78.41,
20260923T092752Z,stage1_mlm,step,2026-09-23T16:45:22+00:00,26250.2,,41400,913473910,1015102656,1.225386,1.767858,0.16024,1.385626,0.0003711990735523489,0.434908,36676.3,41443.7,0.067423,0.100117,23552,1,78.41,
20260923T092752Z,stage1_mlm,step,2026-09-23T16:46:33+00:00,26320.9,,41500,915535840,1017471040,1.224167,1.766099,0.160296,1.384462,0.00037032602241163085,0.435476,29133.7,33463.7,0.054441,0.100185,23552,1,78.41,
20260923T092752Z,stage1_mlm,step,2026-09-23T16:47:54+00:00,26402.3,,41600,917610485,1019830912,1.22169,1.762526,0.160244,1.381934,0.000369448030129933,0.437861,25503.3,29009.5,0.047195,0.100233,23552,1,78.41,
20260923T092752Z,stage1_mlm,step,2026-09-23T16:48:55+00:00,26463.6,,41700,919634913,1022192896,1.232585,1.778244,0.160228,1.392812,0.00036858719185901015,0.428981,33020.7,38526.6,0.062678,0.100331,23552,1,78.41,
20260923T092752Z,stage1_mlm,step,2026-09-23T16:50:24+00:00,26552.1,,41800,921650855,1024556992,1.236781,1.784298,0.160252,1.397033,0.00036773462947132634,0.427227,22780.3,26714.5,0.043461,0.10044,23552,1,78.41,
20260923T092752Z,stage1_mlm,step,2026-09-23T16:51:22+00:00,26610.2,,41900,923693712,1026927808,1.239078,1.787612,0.16021,1.399288,0.0003668668487969898,0.426626,35173.5,40820.2,0.066409,0.100527,23552,1,78.41,
20260923T092752Z,stage1_mlm,step,2026-09-23T16:52:32+00:00,26680.2,,42000,925680371,1029291712,1.233743,1.779915,0.160261,1.394004,0.0003660242225303919,0.429187,28382.6,33772.1,0.054943,0.100663,23552,1,78.41,
20260923T092752Z,stage1_mlm,step,2026-09-23T16:53:46+00:00,26754.1,,42100,927719835,1031655872,1.233308,1.779287,0.160218,1.393525,0.00036515737350806276,0.430098,27592.2,31985.0,0.052035,0.100747,23552,1,78.41,
20260923T092752Z,stage1_mlm,step,2026-09-23T16:54:53+00:00,26821.1,,42200,929788936,1034020928,1.234795,1.781433,0.160222,1.395018,0.00036427950776232027,0.42979,30875.6,35291.9,0.057415,0.100803,23552,1,78.41,
20260923T092752Z,stage1_mlm,step,2026-09-23T16:56:12+00:00,26900.7,,42300,931805701,1036387008,1.234548,1.781076,0.160213,1.394761,0.00036342038165281833,0.428882,25334.1,29722.1,0.048354,0.10091,23552,1,78.41,
20260923T092752Z,stage1_mlm,step,2026-09-23T16:57:08+00:00,26956.0,,42400,933821185,1038752512,1.237571,1.785438,0.160177,1.397749,0.0003625649905491851,0.427736,36429.5,42756.1,0.069558,0.101017,23552,1,78.41,
20260923T092752Z,stage1_mlm,step,2026-09-23T16:58:03+00:00,27011.8,,42500,935826036,1041116416,1.237838,1.785823,0.160233,1.398071,0.0003617108459987957,0.426979,35935.4,42371.1,0.068932,0.101132,23552,1,78.41,
20260923T092752Z,stage1_mlm,step,2026-09-23T16:59:05+00:00,27073.5,,42600,937839498,1043481216,1.2359,1.783026,0.160211,1.396111,0.00036085389492541097,0.428072,32625.9,38318.9,0.06234,0.10124,23552,1,78.41,
20260923T092752Z,stage1_mlm,step,2026-09-23T17:00:03+00:00,27130.9,,42700,939830367,1045845760,1.238327,1.786528,0.160211,1.398538,0.0003600061344465896,0.426974,34694.7,41206.7,0.067038,0.101368,23552,1,78.41,
20260923T092752Z,stage1_mlm,step,2026-09-23T17:01:07+00:00,27195.4,,42800,941871243,1048210112,1.23473,1.781338,0.160225,1.394955,0.00035913924466231603,0.428368,31649.9,36666.3,0.059651,0.101448,23552,1,78.41,
20260923T092752Z,stage1_mlm,step,2026-09-23T17:02:23+00:00,27271.9,,42900,943849848,1050573696,1.233314,1.779295,0.160239,1.393553,0.00035829436011298327,0.42891,25873.5,30907.7,0.050283,0.101586,23552,1,78.41,
20260923T092752Z,stage1_mlm,step,2026-09-23T17:03:28+00:00,27336.0,,43000,945887893,1052939264,1.233959,1.780227,0.160225,1.394184,0.00035742783215701187,0.430534,31773.4,36879.5,0.059998,0.101669,23552,1,78.41,
20260923T092752Z,stage1_mlm,step,2026-09-23T17:04:48+00:00,27416.1,,43100,947849091,1055304320,1.229995,1.774508,0.160207,1.390202,0.00035659017331474255,0.431639,24481.3,29522.6,0.048029,0.101824,23552,1,78.41,
20260923T092752Z,stage1_mlm,step,2026-09-23T17:06:01+00:00,27489.7,,43200,949859373,1057671104,1.228764,1.772731,0.160217,1.388981,0.0003557330231731858,0.433479,27314.0,32157.9,0.052317,0.101933,23552,1,78.41,
20260923T092752Z,stage1_mlm,step,2026-09-23T17:07:10+00:00,27558.4,,43300,951822105,1060036032,1.230788,1.775652,0.160184,1.390972,0.0003548971046551617,0.430952,28560.5,34413.0,0.055985,0.102085,23552,1,78.41,
20260923T092752Z,stage1_mlm,step,2026-09-23T17:08:29+00:00,27637.2,,43400,953808579,1062400576,1.222119,1.763145,0.16019,1.382309,0.00035404839455736625,0.436396,25239.8,30043.5,0.048877,0.102214,23552,1,78.41,
20260923T092752Z,stage1_mlm,step,2026-09-23T17:09:27+00:00,27695.5,,43500,955824192,1064766464,1.227835,1.771392,0.16021,1.388045,0.0003531902073111466,0.432773,34523.0,40522.4,0.065925,0.102316,23552,1,78.41,
20260923T092752Z,stage1_mlm,step,2026-09-23T17:10:58+00:00,27786.7,,43600,957809470,1067134912,1.229417,1.773674,0.160227,1.389644,0.0003523430984844708,0.431253,21777.0,25980.1,0.042266,0.102448,23552,1,78.41,
20260923T092752Z,stage1_mlm,step,2026-09-23T17:12:06+00:00,27854.2,,43700,959815196,1069499840,1.23096,1.7759,0.16019,1.39115,0.00035148433970646033,0.431656,29707.1,35027.2,0.056985,0.102557,23552,1,78.41,
20260923T092752Z,stage1_mlm,step,2026-09-23T17:13:12+00:00,27920.3,,43800,961796312,1071863040,1.229837,1.77428,0.160188,1.390025,0.0003506374298910869,0.430633,29984.0,35766.8,0.058188,0.102687,23552,1,78.41,
20260923T092752Z,stage1_mlm,step,2026-09-23T17:14:12+00:00,27980.9,,43900,963788988,1074229376,1.227831,1.771386,0.160192,1.388023,0.00034978876060479553,0.432931,32894.9,39063.2,0.063551,0.102809,23552,1,78.41,
20260923T092752Z,stage1_mlm,step,2026-09-23T17:15:18+00:00,28046.9,,44000,965783045,1076599616,1.226498,1.769462,0.160203,1.3867,0.00034893598536498474,0.4348,30202.2,35899.9,0.058404,0.102932,23552,1,78.41,
20260923T092752Z,stage1_mlm,step,2026-09-23T17:16:27+00:00,28115.6,,44100,967788144,1078965376,1.227699,1.771196,0.160174,1.387873,0.0003480779388740688,0.432144,29190.9,34441.6,0.056032,0.103041,23552,1,78.41,
20260923T092752Z,stage1_mlm,step,2026-09-23T17:17:50+00:00,28198.0,,44200,969760286,1081330944,1.22502,1.76733,0.160212,1.385231,0.0003472348839841948,0.434922,23937.8,28713.2,0.046713,0.103179,23552,1,78.41,
20260923T092752Z,stage1_mlm,step,2026-09-23T17:19:44+00:00,28312.1,,44300,971716678,1083677888,1.224388,1.766418,0.160193,1.38458,0.0003463999384114242,0.434488,17136.8,20557.8,0.033445,0.103316,23552,1,78.41,
20260923T092752Z,stage1_mlm,step,2026-09-23T17:20:49+00:00,28377.1,,44400,973893479,1086048768,1.209008,1.74423,0.16022,1.369229,0.00034546886667870036,0.443688,33521.8,36510.6,0.059398,0.103269,23552,1,78.41,
20260923T092752Z,stage1_mlm,step,2026-09-23T17:22:28+00:00,28476.7,,44500,976080357,1088420608,1.214748,1.75251,0.160194,1.374941,0.00034453408846017014,0.440569,21953.7,23810.5,0.038736,0.103214,23552,1,78.41,
20260923T092752Z,stage1_mlm,step,2026-09-23T17:24:06+00:00,28574.6,,44600,978266462,1090798016,1.209148,1.744432,0.160215,1.369363,0.00034359844878269056,0.444703,22328.8,24282.7,0.039505,0.103164,23552,1,78.41,
20260923T092752Z,stage1_mlm,step,2026-09-23T17:25:29+00:00,28657.8,,44700,980444450,1093169600,1.205802,1.739604,0.16023,1.366031,0.00034266669698063796,0.445201,26174.6,28501.2,0.046368,0.103118,23552,1,78.41,
20260923T092752Z,stage1_mlm,step,2026-09-23T17:27:29+00:00,28777.4,,44800,982627461,1095543744,1.210061,1.745749,0.160248,1.370309,0.0003417316118363536,0.442112,18253.2,19851.3,0.032295,0.103069,23552,1,78.41,
20260923T092752Z,stage1_mlm,step,2026-09-23T17:28:37+00:00,28845.0,,44900,984810061,1097917056,1.212615,1.749433,0.160175,1.37279,0.00034079810134151326,0.441617,32279.2,35099.7,0.057103,0.10302,23552,1,78.41,
20260923T092752Z,stage1_mlm,step,2026-09-23T17:30:23+00:00,28951.8,,45000,986994971,1100290112,1.208786,1.743909,0.160224,1.369009,0.0003398626784509849,0.443612,20460.3,22222.1,0.036152,0.102968,23552,1,78.41,
20260923T092752Z,stage1_mlm,step,2026-09-23T17:31:46+00:00,29034.7,,45100,989164502,1102665536,1.20953,1.744983,0.160216,1.369746,0.0003389332670382918,0.442524,26162.3,28645.2,0.046602,0.102933,23552,1,78.41,
20260923T092752Z,stage1_mlm,step,2026-09-23T17:32:50+00:00,29098.9,,45200,991369531,1105038080,1.21281,1.749715,0.160223,1.373033,0.00033799030124909797,0.441376,34369.9,36980.9,0.060163,0.102864,23552,1,78.41,
20260923T092752Z,stage1_mlm,step,2026-09-23T17:34:02+00:00,29170.7,,45300,993557866,1107409408,1.216131,1.754506,0.160207,1.376337,0.0003370519495428076,0.440336,30452.1,32998.5,0.053684,0.102809,23552,1,78.41,
20260923T092752Z,stage1_mlm,step,2026-09-23T17:35:08+00:00,29236.0,,45400,995747645,1109780864,1.203829,1.736759,0.160205,1.364035,0.0003361151735004837,0.446249,33536.9,36319.4,0.059087,0.102753,23552,1,78.41,
20260923T092752Z,stage1_mlm,step,2026-09-23T17:36:28+00:00,29316.4,,45500,997915362,1112155328,1.213591,1.750841,0.160202,1.373793,0.0003351868473710796,0.439986,26987.0,29560.8,0.048092,0.102719,23552,1,78.41,
20260923T092752Z,stage1_mlm,step,2026-09-23T17:37:45+00:00,29393.9,,45600,1000071390,1114508352,1.211326,1.747574,0.160207,1.371533,0.0003342632715050367,0.442157,27825.4,30367.8,0.049404,0.102679,23552,1,78.41,
20260923T092752Z,stage1_mlm,step,2026-09-23T17:39:12+00:00,29480.4,,45700,1002235256,1116879872,1.208989,1.744202,0.160198,1.369187,0.0003333361853971409,0.444167,25007.4,27407.2,0.044588,0.102647,23552,1,78.41,
20260923T092752Z,stage1_mlm,step,2026-09-23T17:41:22+00:00,29610.8,,45800,1004433737,1119252160,1.208457,1.743435,0.160221,1.368679,0.0003323933631726271,0.444183,16852.8,18185.1,0.029585,0.102585,23552,1,78.41,
20260923T092752Z,stage1_mlm,step,2026-09-23T17:42:44+00:00,29692.3,,45900,1006650671,1121632448,1.205933,1.739793,0.160167,1.3661,0.0003314447858623984,0.444783,27219.6,29225.3,0.047546,0.102513,23552,1,78.41,
20260923T092752Z,stage1_mlm,step,2026-09-23T17:44:20+00:00,29788.8,,46000,1008818715,1124018816,1.213539,1.750766,0.160287,1.373826,0.00033051592959595786,0.441002,22470.8,24733.6,0.040238,0.102489,23552,1,78.41,
20260923T092752Z,stage1_mlm,step,2026-09-23T17:46:13+00:00,29901.1,,46100,1011014569,1126390464,1.211278,1.747504,0.160183,1.371461,0.00032957518516307755,0.442041,19541.5,21105.9,0.034337,0.10243,23552,1,78.41,
20260923T092752Z,stage1_mlm,step,2026-09-23T17:47:22+00:00,29970.2,,46200,1013209073,1128761472,1.210218,1.745976,0.160208,1.370426,0.0003286338058675015,0.44249,31749.8,34303.4,0.055807,0.102371,23552,1,78.41,
20260923T092752Z,stage1_mlm,step,2026-09-23T17:49:19+00:00,30087.2,,46300,1015423870,1131137984,1.208062,1.742865,0.160222,1.368284,0.00032768586235561685,0.444645,18933.1,20315.6,0.033051,0.102299,23552,1,78.41,
20260923T092752Z,stage1_mlm,step,2026-09-23T17:50:57+00:00,30184.9,,46400,1017624317,1133511744,1.20449,1.737711,0.160156,1.364646,0.00032674338806933166,0.446212,22529.7,24304.2,0.03954,0.102238,23552,1,78.41,
20260923T092752Z,stage1_mlm,step,2026-09-23T17:52:16+00:00,30264.8,,46500,1019839373,1135885312,1.207623,1.742232,0.160181,1.367804,0.0003257950032980403,0.444704,27711.9,29695.0,0.04831,0.102163,23552,1,78.41,
20260923T092752Z,stage1_mlm,step,2026-09-23T17:54:42+00:00,30410.0,,46600,1022052750,1138260928,1.217001,1.755761,0.160242,1.377243,0.0003248463294740494,0.440974,15249.5,16367.3,0.026627,0.102093,23552,1,78.41,
20260923T092752Z,stage1_mlm,step,2026-09-23T17:56:41+00:00,30529.1,,46700,1024308602,1140638912,1.214105,1.751583,0.160255,1.37436,0.0003238802022629289,0.442776,18929.3,19954.1,0.032463,0.101987,23552,1,78.41,
20260923T092752Z,stage1_mlm,step,2026-09-23T17:59:09+00:00,30677.9,,46800,1026566965,1143018944,1.215277,1.753274,0.160178,1.375454,0.0003229133166397521,0.442598,15183.7,16001.7,0.026033,0.101881,23552,1,78.41,
20260923T092752Z,stage1_mlm,step,2026-09-23T18:01:09+00:00,30797.5,,46900,1028808464,1145395456,1.21433,1.751908,0.160177,1.374507,0.00032195379592916696,0.443322,18735.1,19863.6,0.032315,0.101788,23552,1,78.41,
20260923T092752Z,stage1_mlm,step,2026-09-23T18:04:30+00:00,30998.1,,47000,1031054871,1147774912,1.214932,1.752776,0.160215,1.375147,0.00032099162983865136,0.443018,11200.7,11864.1,0.019301,0.101692,23552,1,78.41,
20260923T092752Z,stage1_mlm,step,2026-09-23T18:06:25+00:00,31113.7,,47100,1033294710,1150131776,1.216857,1.755553,0.160256,1.377112,0.00032003209895377024,0.441708,19371.4,20383.4,0.033161,0.101586,23552,1,78.41,
20260923T092752Z,stage1_mlm,step,2026-09-23T18:08:13+00:00,31221.6,,47200,1035540213,1152510528,1.216803,1.755475,0.160206,1.377009,0.0003190708470884797,0.4418,20811.3,22046.2,0.035866,0.101492,23552,1,78.41,
20260923T092752Z,stage1_mlm,step,2026-09-23T18:10:40+00:00,31368.5,,47300,1037778357,1154889152,1.213335,1.750473,0.160247,1.373583,0.0003181135853813458,0.444216,15232.5,16188.6,0.026337,0.101404,23552,1,78.41,
20260923T092752Z,stage1_mlm,step,2026-09-23T18:12:02+00:00,31450.9,,47400,1040010034,1157268736,1.214415,1.75203,0.160202,1.374616,0.0003171579586429743,0.442769,27105.6,28902.1,0.04702,0.101324,23552,1,78.41,
20260923T092752Z,stage1_mlm,step,2026-09-23T18:14:25+00:00,31592.9,,47500,1042251914,1159648512,1.210397,1.746234,0.160185,1.370582,0.00031619924111035534,0.445608,15782.4,16753.2,0.027255,0.101235,23552,1,78.41,
20260923T092752Z,stage1_mlm,step,2026-09-23T18:16:03+00:00,31691.7,,47600,1044478059,1162025472,1.214827,1.752625,0.160208,1.375036,0.0003152467824454071,0.441704,22526.3,24052.4,0.03913,0.101157,23552,1,78.41,
20260923T092752Z,stage1_mlm,step,2026-09-23T18:18:23+00:00,31831.3,,47700,1046713195,1164405056,1.211707,1.748123,0.160241,1.371948,0.0003142912823729241,0.445001,16016.9,17052.0,0.027741,0.101075,23552,1,78.41,
20260923T092752Z,stage1_mlm,step,2026-09-23T18:20:21+00:00,31949.0,,47800,1048956392,1166783104,1.21486,1.752672,0.160213,1.375073,0.0003133318043212185,0.443853,19057.7,20203.4,0.032868,0.100984,23552,1,78.41,
20260923T092752Z,stage1_mlm,step,2026-09-23T18:21:43+00:00,32031.1,,47900,1051197014,1169164288,1.214452,1.752084,0.160171,1.374623,0.0003123734698637181,0.443128,27293.2,29005.4,0.047188,0.100899,23552,1,78.41,
20260923T092752Z,stage1_mlm,step,2026-09-23T18:22:57+00:00,32105.3,,48000,1053445213,1171539904,1.216053,1.754394,0.160196,1.376249,0.00031141300818899334,0.44228,30308.3,32026.0,0.052102,0.100803,23552,1,78.41,
20260923T092752Z,stage1_mlm,step,2026-09-23T18:24:28+00:00,32196.8,,48100,1055684030,1173918720,1.214795,1.752579,0.160231,1.375026,0.0003104561437245242,0.442349,24448.2,25977.1,0.042261,0.100718,23552,1,78.41,
20260923T092752Z,stage1_mlm,step,2026-09-23T18:26:26+00:00,32314.1,,48200,1057926979,1176314560,1.212346,1.749045,0.160214,1.37256,0.00030949608686930334,0.443123,19135.2,20439.5,0.033252,0.100643,23552,1,78.41,
20260923T092752Z,stage1_mlm,step,2026-09-23T18:28:40+00:00,32448.3,,48300,1060169706,1178693184,1.215618,1.753766,0.160186,1.375804,0.00030853960155620354,0.44163,16709.4,17721.9,0.028831,0.100555,23552,1,78.41,
20260923T092752Z,stage1_mlm,step,2026-09-23T18:30:15+00:00,32542.9,,48400,1062411675,1181072768,1.212588,1.749395,0.160199,1.372787,0.0003075824407169579,0.444361,23686.2,25140.1,0.0409,0.100469,23552,1,78.41,
20260923T092752Z,stage1_mlm,step,2026-09-23T18:32:04+00:00,32652.5,,48500,1064647612,1183451008,1.212515,1.749289,0.160181,1.372696,0.00030662783144475285,0.445174,20402.2,21700.7,0.035304,0.100387,23552,1,78.41,
20260923T092752Z,stage1_mlm,step,2026-09-23T18:33:22+00:00,32729.9,,48600,1066891949,1185829248,1.211757,1.748196,0.160222,1.371979,0.00030567002469384947,0.445172,28984.3,30713.6,0.049967,0.100299,23552,1,78.41,
20260923T092752Z,stage1_mlm,step,2026-09-23T18:35:49+00:00,32876.9,,48700,1069141273,1188205056,1.214507,1.752163,0.160159,1.374666,0.00030471038328418296,0.443546,15306.7,16167.5,0.026302,0.100205,23552,1,78.41,
20260923T092752Z,stage1_mlm,step,2026-09-23T18:37:40+00:00,32988.6,,48800,1071382306,1190582080,1.21348,1.750682,0.160196,1.373676,0.0003037553000531541,0.445113,20054.1,21271.1,0.034605,0.100119,23552,1,78.41,
20260923T092752Z,stage1_mlm,step,2026-09-23T18:39:45+00:00,33113.5,,48900,1073639239,1192963456,1.208716,1.743809,0.160175,1.368891,0.0003027931196628204,0.446657,18079.4,19076.3,0.031035,0.100023,23552,1,78.41,
20260923T092752Z,stage1_mlm,step,2026-09-23T18:41:07+00:00,33195.2,,49000,1075873884,1195342656,1.213115,1.750156,0.160163,1.373278,0.0003018409985828375,0.44434,27351.2,29120.5,0.047375,0.099945,23552,1,78.41,
20260923T092752Z,stage1_mlm,step,2026-09-23T18:42:46+00:00,33294.1,,49100,1078131456,1197720128,1.214588,1.75228,0.160149,1.374738,0.0003008791975906883,0.442259,22824.6,24036.8,0.039105,0.099847,23552,1,78.41,
20260923T092752Z,stage1_mlm,step,2026-09-23T18:44:21+00:00,33389.1,,49200,1080380456,1200098624,1.215401,1.753453,0.160152,1.375553,0.0002999217517772572,0.442004,23662.2,25024.6,0.040712,0.099757,23552,1,78.41,
20260923T092752Z,stage1_mlm,step,2026-09-23T18:45:58+00:00,33486.7,,49300,1082637512,1202482112,1.215169,1.753118,0.160162,1.375331,0.00029896119963301475,0.442071,23133.9,24429.7,0.039744,0.099664,23552,1,78.41,
20260923T092752Z,stage1_mlm,step,2026-09-23T18:47:43+00:00,33591.2,,49400,1084896821,1204859968,1.210659,1.746612,0.160214,1.370873,0.0002979968516142549,0.4459,21632.1,22767.1,0.037039,0.099566,23552,1,78.41,
20260923T092752Z,stage1_mlm,step,2026-09-23T18:49:48+00:00,33716.3,,49500,1087130398,1207238976,1.212272,1.748939,0.16023,1.372502,0.00029704961746128227,0.446519,17839.9,19001.5,0.030913,0.09949,23552,1,78.41,
20260923T092752Z,stage1_mlm,step,2026-09-23T18:51:23+00:00,33811.1,,49600,1089324149,1209614720,1.21712,1.755933,0.160205,1.377325,0.0002961153526069864,0.441043,23144.9,25065.0,0.040777,0.099445,23552,1,78.41,
20260923T092752Z,stage1_mlm,step,2026-09-23T18:52:32+00:00,33880.0,,49700,1091528553,1211987712,1.216984,1.755736,0.160228,1.377212,0.0002951799729646673,0.441246,32022.8,34471.8,0.056081,0.09939,23552,1,78.41,
20260923T092752Z,stage1_mlm,step,2026-09-23T18:53:38+00:00,33946.9,,49800,1093699070,1214363712,1.21774,1.756827,0.160227,1.377967,0.000294256519557677,0.440177,32451.0,35523.1,0.057791,0.099364,23552,1,78.41,
20260923T092752Z,stage1_mlm,step,2026-09-23T18:55:51+00:00,34079.7,,49900,1095850380,1216738112,1.216724,1.755361,0.160227,1.37695,0.00029334526866064725,0.440245,16196.6,17876.2,0.029082,0.099354,23552,1,78.41,
20260923T092752Z,stage1_mlm,step,2026-09-23T18:57:33+00:00,34181.5,,50000,1098061266,1219111680,1.218934,1.75855,0.160135,1.379069,0.0002924058973954265,0.440293,21708.2,23305.5,0.037915,0.099294,23552,1,78.41,
20260923T092752Z,stage1_mlm,step,2026-09-23T18:58:56+00:00,34264.8,,50100,1100264033,1221484352,1.219578,1.759479,0.160168,1.379746,0.0002914727111847427,0.44015,26440.8,28480.2,0.046334,0.09924,23552,1,78.41,
20260923T092752Z,stage1_mlm,step,2026-09-23T19:00:02+00:00,34330.5,,50200,1102440753,1223859392,1.220344,1.760585,0.1602,1.380544,0.0002905503645089499,0.437991,33156.3,36177.2,0.058855,0.09921,23552,1,78.41,
20260923T092752Z,stage1_mlm,step,2026-09-23T19:02:27+00:00,34475.5,,50300,1104664299,1226233408,1.221347,1.762031,0.160128,1.381475,0.00028960777322372403,0.438305,15331.7,16369.2,0.02663,0.09914,23552,1,78.41,
20260923T092752Z,stage1_mlm,step,2026-09-23T19:03:53+00:00,34561.7,,50400,1106841758,1228604352,1.220583,1.760929,0.160181,1.380764,0.00028868574066187466,0.439035,25251.1,27494.9,0.044731,0.099106,23552,1,78.41,
20260923T092752Z,stage1_mlm,step,2026-09-23T19:05:21+00:00,34648.9,,50500,1109027458,1230978368,1.218095,1.75734,0.160183,1.378278,0.00028776084707773,0.440011,25070.8,27230.9,0.044301,0.099068,23552,1,78.41,
20260923T092752Z,stage1_mlm,step,2026-09-23T19:06:50+00:00,34738.5,,50600,1111216386,1233350144,1.221124,1.76171,0.16013,1.381254,0.0002868333492569204,0.438593,24451.9,26494.5,0.043103,0.099026,23552,1,78.41,
20260923T092752Z,stage1_mlm,step,2026-09-23T19:08:53+00:00,34861.7,,50700,1113391812,1235725504,1.216825,1.755507,0.16022,1.377045,0.0002859142093748587,0.441597,17650.9,19273.1,0.031355,0.098997,23552,1,78.41,
20260923T092752Z,stage1_mlm,step,2026-09-23T19:10:43+00:00,34971.4,,50800,1115582008,1238092736,1.220259,1.760461,0.160199,1.380458,0.0002849889572589593,0.439437,19960.8,21574.3,0.035098,0.098951,23552,1,78.41,
20260923T092752Z,stage1_mlm,step,2026-09-23T19:12:04+00:00,35052.5,,50900,1117793526,1240470912,1.220001,1.76009,0.160211,1.380212,0.0002840558502185709,0.439598,27282.9,29338.9,0.04773,0.098896,23552,1,78.41,
20260923T092752Z,stage1_mlm,step,2026-09-23T19:13:28+00:00,35136.3,,51000,1119996025,1242844288,1.218862,1.758446,0.160159,1.379021,0.00028312477528405635,0.440103,26289.4,28329.0,0.046087,0.098844,23552,1,78.41,
20260923T092752Z,stage1_mlm,step,2026-09-23T19:15:30+00:00,35258.0,,51100,1122172287,1245219776,1.219152,1.758865,0.160194,1.379346,0.00028220828980637507,0.439348,17873.4,19509.6,0.03174,0.098816,23552,1,78.41,
20260923T092752Z,stage1_mlm,step,2026-09-23T19:17:14+00:00,35362.3,,51200,1124388482,1247598080,1.216981,1.755732,0.160158,1.377138,0.0002812727287010416,0.441599,21252.2,22806.7,0.037103,0.098757,23552,1,78.41,
