run_id,stage,kind,timestamp,elapsed_s,epoch,step,tokens,padded_tokens,ce_nats,bits_per_token,balance,total_loss,lr,masked_accuracy,tok_per_s,padded_per_s,mfu,pad_frac,token_budget,n_oom,peak_gib,note,muon_lr,batch_tokens,dead_expert_frac,route_width_mean,route_width_max,perplexity
20260930T125011Z,stage1_mlm,event,2026-09-30T12:50:11+00:00,0.1,,13750,2068600977,2255978560,,,,,,,,,,,,,,resumed,,,,,,
20260930T125011Z,stage1_mlm,event,2026-09-30T12:56:09+00:00,358.2,,13773,2073543987,,,,,,,,,,,,193536,1,,OOM #1: token budget -> 193536,,,,,,
20260930T125011Z,stage1_mlm,event,2026-09-30T12:56:13+00:00,361.7,,13773,2073543987,,,,,,,,,,,,163840,2,,OOM #2: token budget -> 163840,,,,,,
20260930T125011Z,stage1_mlm,event,2026-09-30T12:56:15+00:00,364.1,,13773,2073543987,,,,,,,,,,,,139264,3,,OOM #3: token budget -> 139264,,,,,,
20260930T125011Z,stage1_mlm,event,2026-09-30T12:56:21+00:00,369.9,,13773,2073543987,,,,,,,,,,,,117760,4,,OOM #4: token budget -> 117760,,,,,,
20260930T125011Z,stage1_mlm,event,2026-09-30T12:56:26+00:00,374.3,,13773,2073543987,,,,,,,,,,,,99328,5,,OOM #5: token budget -> 99328,,,,,,
20260930T125011Z,stage1_mlm,step,2026-09-30T12:59:06+00:00,534.8,,13800,2075989555,2263921728,0.974403,1.405767,0.260614,1.235017,0.0005197114334142836,0.563005,13815.6,14852.6,0.155028,0.083012,99328,5,76.64,,0.01732371,147771,0.0,6.546,404,2.649585
20260930T130318Z,stage1_mlm,event,2026-09-30T13:03:18+00:00,0.0,,13750,2068600977,2255978560,,,,,,,,,,,,,,resumed,,,,,,
20260930T130318Z,stage1_mlm,step,2026-09-30T13:34:49+00:00,1891.0,,13800,2077011685,2264997760,1.040326,1.500873,0.256077,1.296403,0.0005196384511090786,0.527603,4447.8,4769.6,0.049784,0.082996,180224,0,50.44,,0.01732128,168214,0.0,6.562,399,2.830139
20260930T135403Z,stage1_mlm,event,2026-09-30T13:54:03+00:00,0.0,,13750,2068600977,2255978560,,,,,,,,,,,,,,resumed,,,,,,
20260930T135403Z,stage1_mlm,step,2026-09-30T14:23:34+00:00,1771.1,,13800,2077011685,2264997760,1.045464,1.508286,0.257225,1.302689,0.0005196384511090786,0.525489,4749.0,5092.6,0.053155,0.082996,180224,0,50.56,,0.01732128,168214,0.0,6.753,406,2.844718
20260930T135403Z,stage1_mlm,step,2026-09-30T15:10:19+00:00,4575.5,,13900,2093712703,2283041472,1.053166,1.519397,0.251022,1.304187,0.0005183618337236039,0.521945,5955.1,6433.9,0.067155,0.082928,180224,0,50.56,,0.01727873,167010,0.0,6.519,423,2.866712
20260930T135403Z,stage1_mlm,step,2026-09-30T15:35:57+00:00,6114.1,,14000,2110582657,2301078592,0.996458,1.437584,0.251073,1.24753,0.0005170622152756868,0.549613,10964.6,11723.2,0.122365,0.082785,180224,0,50.73,,0.01723541,168699,0.0,6.362,413,2.70867
20260930T135403Z,stage1_mlm,step,2026-09-30T15:59:46+00:00,7542.9,,14100,2127166219,2319117760,1.091795,1.575127,0.241518,1.333313,0.0005157788823792141,0.500295,11606.5,12625.3,0.13178,0.082769,180224,0,50.73,,0.01719263,165835,0.0,6.42,418,2.979618
20260930T135403Z,stage1_mlm,step,2026-09-30T16:16:16+00:00,8532.7,,14200,2143950422,2337158272,1.046879,1.510328,0.247112,1.293991,0.0005144698784408276,0.522619,16957.6,18226.9,0.190248,0.082668,180224,0,50.73,,0.017149,167842,0.0,6.623,393,2.848748
20260930T135403Z,stage1_mlm,step,2026-09-30T16:42:28+00:00,10105.3,,14300,2160666606,2355049472,1.028214,1.483399,0.23808,1.266294,0.0005131562473897883,0.532516,10629.6,11376.8,0.118749,0.082539,180224,0,50.73,,0.01710521,167161,0.0,6.584,404,2.796068
20260930T135403Z,stage1_mlm,event,2026-09-30T16:59:14+00:00,11110.7,,14358,2170323395,,,,,,,,,,,,152576,1,,OOM #1: token budget -> 152576,,,,,,
20260930T135403Z,stage1_mlm,event,2026-09-30T16:59:16+00:00,11112.6,,14358,2170323395,,,,,,,,,,,,129024,2,,OOM #2: token budget -> 129024,,,,,,
20260930T135403Z,stage1_mlm,event,2026-09-30T16:59:18+00:00,11115.2,,14358,2170323395,,,,,,,,,,,,109568,3,,OOM #3: token budget -> 109568,,,,,,
20260930T135403Z,stage1_mlm,event,2026-09-30T16:59:23+00:00,11120.3,,14358,2170323395,,,,,,,,,,,,92160,4,,OOM #4: token budget -> 92160,,,,,,
20260930T135403Z,stage1_mlm,step,2026-09-30T17:03:37+00:00,11373.6,,14400,2173980791,2369385920,0.996414,1.437521,0.239543,1.235956,0.0005121019176402735,0.548992,10497.9,11303.9,0.117988,0.082471,92160,4,67.3,,0.01707006,133141,0.0,6.438,415,2.708551
20260930T135403Z,stage1_mlm,step,2026-09-30T17:12:52+00:00,11928.8,,14500,2182738961,2378606464,0.933579,1.34687,0.249479,1.183059,0.0005114080390147715,0.582689,15772.9,16605.6,0.173326,0.082345,92160,4,67.3,,0.01704693,87581,0.0,6.444,405,2.543598
20260930T135403Z,stage1_mlm,step,2026-09-30T17:21:50+00:00,12466.7,,14600,2191374413,2387826944,0.936902,1.351664,0.248919,1.185822,0.0005107222963902481,0.57992,16055.1,17142.8,0.178933,0.082273,92160,4,67.3,,0.01702408,86354,0.0,6.648,411,2.552064
20260930T135403Z,stage1_mlm,step,2026-09-30T17:31:03+00:00,13019.9,,14700,2200108108,2397046976,0.940005,1.35614,0.241994,1.181998,0.0005100256768337307,0.577702,15789.1,16668.3,0.17398,0.082159,92160,4,67.3,,0.01700086,87336,0.0,6.561,408,2.559993
20260930T135403Z,stage1_mlm,step,2026-09-30T17:40:50+00:00,13607.1,,14800,2208761953,2406260352,0.932245,1.344945,0.253301,1.185546,0.0005093341202803838,0.582821,14736.4,15689.2,0.163761,0.082077,92160,4,67.3,,0.0169778,86538,0.0,6.262,402,2.540206
20260930T135403Z,stage1_mlm,step,2026-09-30T17:50:18+00:00,14175.1,,14900,2217466965,2415480896,0.89511,1.291371,0.258811,1.153921,0.0005086363491333056,0.600781,15326.8,16234.5,0.169452,0.081977,92160,4,67.3,,0.01695454,87050,0.0,6.356,398,2.447605
20260930T135403Z,stage1_mlm,step,2026-09-30T17:59:21+00:00,14717.6,,15000,2226177735,2424701312,0.892327,1.287355,0.250098,1.142425,0.0005079359013495994,0.603059,16054.8,16994.1,0.177381,0.081875,92160,4,67.3,,0.0169312,87107,0.0,6.776,408,2.440802
20260930T135403Z,stage1_mlm,step,2026-09-30T18:09:05+00:00,15301.8,,15100,2234807381,2433949248,0.939237,1.355033,0.253506,1.192744,0.0005072366074847299,0.578214,14772.4,15830.8,0.165239,0.081818,92160,4,67.3,,0.01690789,86296,0.0,6.675,406,2.55803
20260930T135403Z,stage1_mlm,step,2026-09-30T18:18:13+00:00,15850.1,,15200,2243366240,2443169152,0.947437,1.366863,0.263637,1.211074,0.0005065460887819372,0.571364,15608.5,16814.0,0.175501,0.08178,92160,4,67.3,,0.01688487,85588,0.0,6.345,406,2.579091
20260930T135403Z,stage1_mlm,step,2026-09-30T18:27:33+00:00,16410.0,,15300,2251950996,2452389184,0.964838,1.391966,0.259617,1.224455,0.0005058500268822292,0.563938,15334.8,16469.6,0.171906,0.081732,92160,4,67.3,,0.01686167,85847,0.0,6.19,405,2.624361
20260930T135403Z,stage1_mlm,step,2026-09-30T18:36:43+00:00,16960.1,,15400,2260582999,2461608704,0.983784,1.4193,0.26385,1.247634,0.0005051478165696155,0.554791,15690.3,16758.3,0.174919,0.081664,92160,4,67.3,,0.01683826,86320,0.0,6.343,401,2.674557
20260930T135403Z,stage1_mlm,step,2026-09-30T18:46:09+00:00,17526.0,,15500,2269062251,2470828160,0.963862,1.390559,0.252698,1.21656,0.0005044557752032387,0.564399,14983.2,16291.2,0.170043,0.081659,92160,4,67.3,,0.01681519,84792,0.0,6.393,384,2.621803
20260930T135403Z,stage1_mlm,step,2026-09-30T18:55:23+00:00,18080.0,,15600,2277774444,2480026560,0.980236,1.414182,0.271342,1.251578,0.0005037423537018807,0.555421,15725.5,16603.1,0.1733,0.081552,92160,4,67.3,,0.01679141,87121,0.0,6.459,374,2.665086
20260930T135403Z,stage1_mlm,step,2026-09-30T19:04:14+00:00,18611.3,,15700,2286315008,2489252672,0.987858,1.425178,0.26265,1.250508,0.0005030412476665112,0.551218,16075.9,17366.3,0.181266,0.081526,92160,4,67.3,,0.01676804,85405,0.0,6.406,409,2.685477
20260930T135403Z,stage1_mlm,step,2026-09-30T19:13:49+00:00,19186.3,,15800,2294853887,2498472576,1.002561,1.44639,0.256028,1.258589,0.0005023372589982357,0.543727,14852.2,16036.7,0.167388,0.081497,92160,4,67.3,,0.01674458,85388,0.0,6.42,403,2.725253
20260930T135403Z,stage1_mlm,step,2026-09-30T19:23:27+00:00,19763.9,,15900,2303466720,2507692096,0.927813,1.338551,0.265507,1.193319,0.0005016267915734303,0.581869,14909.5,15959.7,0.166584,0.08144,92160,4,67.3,,0.01672089,86128,0.0,6.43,415,2.528971
20260930T135403Z,stage1_mlm,step,2026-09-30T19:33:13+00:00,20349.6,,16000,2312015948,2516911936,0.945574,1.364175,0.252803,1.198378,0.0005009193624329126,0.573489,14597.2,15742.2,0.164313,0.081408,92160,4,67.3,,0.01669731,85492,0.0,6.499,417,2.574291
20260930T135403Z,stage1_mlm,step,2026-09-30T19:42:21+00:00,20897.6,,16100,2320502637,2526120768,0.956978,1.380627,0.255271,1.212248,0.0005002149328071759,0.567507,15486.4,16804.2,0.175398,0.081397,92160,4,67.3,,0.01667383,84866,0.0,6.416,404,2.603815
20260930T135403Z,stage1_mlm,step,2026-09-30T19:51:16+00:00,21433.0,,16200,2329143717,2535340096,0.930042,1.341767,0.253571,1.183614,0.0004994951839768047,0.580264,16138.8,17218.8,0.179726,0.081329,92160,4,67.3,,0.01664984,86410,0.0,6.756,416,2.534616
20260930T135403Z,stage1_mlm,step,2026-09-30T20:00:35+00:00,21991.9,,16300,2337672186,2544563264,0.932518,1.345339,0.262744,1.195262,0.0004987836758352975,0.580165,15260.0,16503.0,0.172255,0.081307,92160,4,67.3,,0.01662612,85284,0.0,6.411,419,2.540898
20260930T135403Z,stage1_mlm,step,2026-09-30T20:10:06+00:00,22563.2,,16400,2346157825,2553783296,0.991998,1.431151,0.251744,1.243742,0.0004980712099256152,0.55127,14851.9,16137.3,0.168437,0.081301,92160,4,67.3,,0.01660237,84856,0.0,6.608,409,2.696617
20260930T135403Z,stage1_mlm,step,2026-09-30T20:20:10+00:00,23167.0,,16500,2354657996,2563002688,0.957561,1.381469,0.247636,1.205197,0.0004973594328254668,0.569481,14079.7,15271.0,0.159396,0.081289,92160,4,67.3,,0.01657865,85001,0.0,6.92,409,2.605335
20260930T135403Z,stage1_mlm,step,2026-09-30T20:29:17+00:00,23714.4,,16600,2363166514,2572222208,0.974046,1.405251,0.267079,1.241125,0.0004966430054682041,0.560602,15541.9,16840.6,0.175779,0.081274,92160,4,67.3,,0.01655477,85085,0.0,6.667,421,2.648639
20260930T135403Z,stage1_mlm,step,2026-09-30T20:38:33+00:00,24270.0,,16700,2371703789,2581452480,0.954682,1.377315,0.264737,1.219419,0.0004959235389066766,0.571093,15366.2,16613.5,0.173408,0.081252,92160,4,67.3,,0.01653078,85372,0.0,6.286,423,2.597845
20260930T135403Z,stage1_mlm,step,2026-09-30T20:47:28+00:00,24804.8,,16800,2380266260,2590671872,0.945278,1.363748,0.256307,1.201585,0.0004951990976757995,0.574649,16010.1,17238.4,0.179931,0.081217,92160,4,67.3,,0.01650664,85624,0.0,6.234,426,2.573529
20260930T135403Z,stage1_mlm,step,2026-09-30T20:56:40+00:00,25356.6,,16900,2388703147,2599806144,0.929293,1.340686,0.261063,1.190356,0.000494483207396843,0.583292,15289.2,16553.0,0.172776,0.0812,92160,4,67.3,,0.01648277,84368,0.0,6.273,407,2.532718
20260930T135403Z,stage1_mlm,step,2026-09-30T21:05:26+00:00,25883.2,,17000,2397320663,2609025152,0.943299,1.360893,0.255961,1.199261,0.0004937500424874621,0.576518,16366.7,17509.1,0.182756,0.081143,92160,4,67.3,,0.01645833,86175,0.0,6.215,413,2.568442
20260930T135403Z,stage1_mlm,step,2026-09-30T21:14:05+00:00,26402.3,,17100,2405825986,2618245248,0.952896,1.374738,0.255223,1.208119,0.000493024908144655,0.571875,16383.4,17760.3,0.185378,0.08113,92160,4,67.3,,0.01643416,85053,0.0,6.22,413,2.593208
20260930T135403Z,stage1_mlm,step,2026-09-30T21:22:37+00:00,26913.9,,17200,2414229802,2627525568,0.961221,1.386749,0.258011,1.219232,0.0004923066713665261,0.569888,16428.6,18142.0,0.189363,0.081177,92160,4,67.3,,0.01641022,84038,0.0,6.318,413,2.614888
20260930T135403Z,stage1_mlm,step,2026-09-30T21:31:22+00:00,27438.6,,17300,2422805047,2636744768,0.907015,1.308546,0.258267,1.165282,0.0004915719642765794,0.595406,16342.6,17569.9,0.18339,0.081138,92160,4,67.3,,0.01638573,85752,0.0,6.397,415,2.476917
20260930T135403Z,stage1_mlm,step,2026-09-30T21:40:01+00:00,27958.1,,17400,2431540331,2645964288,0.851849,1.228959,0.259372,1.111221,0.0004908216242474199,0.622632,16814.2,17746.3,0.185232,0.081038,92160,4,67.3,,0.01636072,87352,0.0,6.431,421,2.343978
20260930T135403Z,stage1_mlm,step,2026-09-30T21:48:45+00:00,28482.2,,17500,2440092564,2655184192,0.829766,1.197099,0.264074,1.09384,0.0004900845965568343,0.634229,16317.1,17591.0,0.183611,0.081008,92160,4,67.3,,0.01633615,85522,0.0,6.425,426,2.292782
20260930T135403Z,stage1_mlm,step,2026-09-30T21:57:41+00:00,29018.1,,17600,2448701602,2664402816,0.866514,1.250116,0.247115,1.113629,0.0004893413464833765,0.616791,16063.8,17201.2,0.179543,0.080957,92160,4,67.3,,0.01631138,86090,0.0,6.474,420,2.378605
20260930T135403Z,stage1_mlm,step,2026-09-30T22:07:22+00:00,29599.2,,17700,2457196693,2673622336,0.853421,1.231226,0.241436,1.094857,0.0004886061537523757,0.620742,14619.5,15866.2,0.165608,0.080948,92160,4,67.3,,0.01628687,84950,0.0,6.47,424,2.347664
20260930T135403Z,stage1_mlm,step,2026-09-30T22:16:57+00:00,30173.5,,17800,2465758976,2682841088,0.860951,1.24209,0.268538,1.129489,0.0004878630350992749,0.617259,14909.2,16052.3,0.16755,0.080915,92160,4,67.3,,0.0162621,85622,0.0,6.284,421,2.365409
20260930T135403Z,stage1_mlm,step,2026-09-30T22:25:43+00:00,30699.7,,17900,2474233513,2692060160,0.870154,1.255366,0.276315,1.146468,0.0004871255384712717,0.613083,16106.2,17521.2,0.182882,0.080914,92160,4,67.3,,0.01623752,84745,0.0,6.036,420,2.387277
20260930T135403Z,stage1_mlm,step,2026-09-30T22:34:27+00:00,31223.7,,18000,2482795498,2701189568,0.890876,1.285263,0.266207,1.157083,0.0004863792015856921,0.601314,16338.5,17421.3,0.181839,0.080851,92160,4,67.3,,0.01621264,85619,0.0,6.567,420,2.437264
20260930T135403Z,stage1_mlm,step,2026-09-30T22:43:30+00:00,31766.8,,18100,2491357962,2710442112,0.920687,1.328271,0.257667,1.178354,0.0004856276724033142,0.587314,15767.5,17038.2,0.177841,0.08083,92160,4,67.3,,0.01618759,85624,0.0,6.33,409,2.511016
20260930T135403Z,stage1_mlm,step,2026-09-30T22:52:06+00:00,32282.9,,18200,2500049732,2719660992,0.815614,1.176683,0.266212,1.081826,0.0004848690442148587,0.638894,16838.8,17860.0,0.186418,0.080749,92160,4,67.3,,0.0161623,86917,0.0,6.512,418,2.260564
20261003T142319Z,stage1_mlm,event,2026-10-03T14:23:19+00:00,0.1,,18250,2504337646,2724271616,,,,,,,,,,,,,,resumed,,,,,,
20261003T142319Z,stage1_mlm,step,2026-10-03T14:37:18+00:00,838.4,,18300,2512709587,2733289088,0.64855,0.935659,0.269021,0.917571,0.000483763610544351,0.724626,9985.1,10755.1,0.112259,0.080701,180224,0,50.56,,0.01612545,167438,0.0,5.852,416,1.912764
20261003T142319Z,stage1_mlm,step,2026-10-03T14:55:49+00:00,1949.8,,18400,2528767711,2751324992,0.777136,1.12117,0.275734,1.05287,0.0004823476020054852,0.658809,14449.6,16229.3,0.169398,0.080891,180224,0,50.57,,0.01607825,160581,0.0,5.639,409,2.175233
20261003T142319Z,stage1_mlm,event,2026-10-03T14:59:44+00:00,2184.5,,18421,2532245489,,,,,,,,,,,,152576,1,,OOM #1: token budget -> 152576,,,,,,
20261003T142319Z,stage1_mlm,event,2026-10-03T14:59:48+00:00,2189.1,,18421,2532245489,,,,,,,,,,,,129024,2,,OOM #2: token budget -> 129024,,,,,,
20261003T142319Z,stage1_mlm,event,2026-10-03T14:59:52+00:00,2193.2,,18421,2532245489,,,,,,,,,,,,109568,3,,OOM #3: token budget -> 109568,,,,,,
20261003T142319Z,stage1_mlm,event,2026-10-03T14:59:55+00:00,2195.6,,18421,2532245489,,,,,,,,,,,,92160,4,,OOM #4: token budget -> 92160,,,,,,
20261003T142319Z,stage1_mlm,event,2026-10-03T14:59:58+00:00,2198.9,,18421,2532245489,,,,,,,,,,,,77824,5,,OOM #5: token budget -> 77824,,,,,,
20261003T142319Z,stage1_mlm,step,2026-10-03T15:06:14+00:00,2575.1,,18500,2537959603,2761368896,1.028113,1.483253,0.26075,1.288863,0.0004815243026620603,0.530616,14698.4,16060.9,0.16764,0.080905,77824,5,64.88,,0.01605081,91918,0.0,5.906,414,2.795785
20261003T142319Z,stage1_mlm,step,2026-10-03T15:14:27+00:00,3068.3,,18600,2545305299,2769180672,1.092823,1.57661,0.255199,1.348022,0.0004808727523893864,0.499219,14894.9,15840.0,0.165334,0.080845,77824,5,64.88,,0.01602909,73456,0.0,6.355,406,2.982682
20261003T142319Z,stage1_mlm,step,2026-10-03T15:22:21+00:00,3542.3,,18700,2552605560,2776994240,1.059472,1.528495,0.253693,1.313165,0.0004802213008257283,0.515545,15402.7,16485.8,0.172075,0.080803,77824,5,64.88,,0.01600738,73002,0.0,6.26,404,2.884848
20261003T142319Z,stage1_mlm,step,2026-10-03T15:30:02+00:00,4002.9,,18800,2559882355,2784744704,1.037118,1.496245,0.255732,1.29285,0.00047957568240697125,0.525993,15795.6,16823.8,0.175603,0.080748,77824,5,64.88,,0.01598586,72767,0.0,6.185,416,2.821075
20261003T142319Z,stage1_mlm,step,2026-10-03T15:37:21+00:00,4441.4,,18900,2567206463,2792552192,1.013997,1.462889,0.270194,1.284191,0.0004789215751558883,0.538974,16702.6,17804.9,0.185844,0.080695,77824,5,64.88,,0.01596405,73241,0.0,5.841,419,2.756598
20261003T142319Z,stage1_mlm,step,2026-10-03T15:44:59+00:00,4900.1,,19000,2574462296,2800362048,1.064546,1.535815,0.253714,1.31826,0.0004782732950346487,0.513717,15820.7,17028.7,0.177741,0.080668,77824,5,64.88,,0.01594244,72558,0.0,6.2,419,2.899522
20261003T142319Z,stage1_mlm,step,2026-10-03T15:52:33+00:00,5353.7,,19100,2581597315,2808172032,1.056891,1.524772,0.254125,1.311016,0.00047763119308507425,0.517481,15727.0,17214.8,0.179684,0.080684,77824,5,64.88,,0.01592104,71350,0.0,6.358,408,2.877413
20261003T142319Z,stage1_mlm,step,2026-10-03T16:00:03+00:00,5803.7,,19200,2588856599,2815980352,1.105905,1.595484,0.249412,1.355318,0.0004769822606856521,0.491666,16132.9,17353.0,0.181127,0.080655,77824,5,64.88,,0.01589941,72592,0.0,6.053,415,3.021959
20261003T142319Z,stage1_mlm,step,2026-10-03T16:07:18+00:00,6239.1,,19300,2595915378,2823785344,1.010245,1.457475,0.274431,1.284676,0.00047634724058306444,0.544928,16211.3,17925.1,0.187098,0.080697,77824,5,64.88,,0.01587824,70587,0.0,5.535,411,2.746273
20261003T142319Z,stage1_mlm,step,2026-10-03T16:15:15+00:00,6715.6,,19400,2602964544,2831589952,1.009247,1.456035,0.272597,1.281844,0.00047571158684992524,0.543788,14793.5,16378.9,0.17096,0.080741,77824,5,64.88,,0.01585705,70491,0.0,5.623,416,2.743534
20261003T142319Z,stage1_mlm,step,2026-10-03T16:22:30+00:00,7150.5,,19500,2610074552,2839359040,1.047946,1.511867,0.2636,1.311546,0.0004750709127706796,0.52363,16350.3,17865.9,0.18648,0.080752,77824,5,64.88,,0.0158357,71100,0.0,5.632,413,2.851788
20261003T142319Z,stage1_mlm,step,2026-10-03T16:32:08+00:00,7728.7,,19600,2617208657,2847159296,1.019068,1.470205,0.273438,1.292506,0.00047442619074059814,0.537967,12339.0,13491.2,0.140818,0.080765,77824,5,64.88,,0.01581421,71341,0.0,5.321,410,2.770612
20261003T142319Z,stage1_mlm,event,2026-10-03T16:32:08+00:00,7728.7,,19600,,,,,,,,,,,,,84992,,,budget recovered,,,,,,
20261003T142319Z,stage1_mlm,step,2026-10-03T16:43:38+00:00,8419.2,,19700,2624848699,2855676032,1.130487,1.630948,0.262614,1.393101,0.000473734817047364,0.47933,11063.7,12333.3,0.128732,0.080831,84992,5,26.18,,0.01579116,76400,0.0,5.69,419,3.097165
20261003T142319Z,stage1_mlm,step,2026-10-03T16:55:08+00:00,9109.1,,19800,2632614473,2864192256,1.135792,1.638601,0.255009,1.390801,0.00047303004709595516,0.476696,11256.1,12343.9,0.128843,0.080853,84992,5,27.96,,0.01576767,77657,0.0,5.656,420,3.113637
20261003T142319Z,stage1_mlm,event,2026-10-03T16:55:08+00:00,9109.1,,19800,,,,,,,,,,,,,93184,,,budget recovered,,,,,,
20261003T142319Z,stage1_mlm,step,2026-10-03T17:07:32+00:00,9853.0,,19900,2641326503,2873532544,1.033074,1.490411,0.269964,1.303038,0.00047223814090645397,0.529645,11711.7,12556.3,0.13106,0.080809,93184,5,28.29,,0.01574127,87120,0.0,5.834,421,2.80969
20261003T142319Z,stage1_mlm,step,2026-10-03T17:19:32+00:00,10573.3,,20000,2649908012,2882827200,1.020984,1.472968,0.264332,1.285316,0.0004714561497222307,0.536488,11913.7,12903.8,0.134687,0.080795,93184,5,30.23,,0.0157152,85815,0.0,5.403,411,2.775925
20261003T142319Z,stage1_mlm,event,2026-10-03T17:19:32+00:00,10573.3,,20000,,,,,,,,,,,,,102400,,,budget recovered,,,,,,
20261003T142319Z,stage1_mlm,step,2026-10-03T17:33:00+00:00,11380.9,,20100,2659205573,2893071744,1.125656,1.623979,0.263199,1.388856,0.00047060783879812243,0.482857,11513.0,12685.6,0.13241,0.080837,102400,5,32.79,,0.01568693,92975,0.0,5.418,418,3.082239
20261003T142319Z,stage1_mlm,step,2026-10-03T17:44:56+00:00,12096.4,,20200,2668413778,2903329536,1.111741,1.603904,0.267326,1.379068,0.00046976411056902796,0.489433,12868.8,14335.6,0.149632,0.080913,102400,5,32.79,,0.0156588,92082,0.0,5.285,412,3.039647
20261003T142319Z,stage1_mlm,event,2026-10-03T17:44:56+00:00,12096.4,,20200,,,,,,,,,,,,,112640,,,budget recovered,,,,,,
20261003T142319Z,stage1_mlm,step,2026-10-03T17:57:57+00:00,12877.7,,20300,2679039141,2914616512,0.9394,1.355268,0.285478,1.224878,0.00046879131914740564,0.577702,13600.0,14446.8,0.150792,0.080826,112640,5,34.14,,0.01562638,106253,0.0,5.227,421,2.558447
20261003T142319Z,stage1_mlm,step,2026-10-03T18:10:13+00:00,13614.3,,20400,2689683923,2925891840,0.990124,1.428448,0.258953,1.249077,0.00046781216014568996,0.550844,14452.3,15308.4,0.159786,0.08073,112640,5,34.14,,0.01559374,106447,0.0,5.564,422,2.691569
20261003T142319Z,stage1_mlm,event,2026-10-03T18:10:13+00:00,13614.3,,20400,,,,,,,,,,,,,123904,,,budget recovered,,,,,,
20261003T142319Z,stage1_mlm,step,2026-10-03T18:23:13+00:00,14394.0,,20500,2701266376,2938320832,0.880723,1.270614,0.26652,1.147243,0.0004667446952389661,0.605296,14854.2,15939.9,0.166377,0.080677,123904,5,41.31,,0.01555816,115824,0.0,5.349,419,2.412643
20261003T142319Z,stage1_mlm,step,2026-10-03T18:37:02+00:00,15222.7,,20600,2712859981,2950728192,0.866767,1.250481,0.269231,1.135999,0.00046567310693397426,0.613608,13990.2,14972.1,0.156276,0.080613,123904,5,41.31,,0.01552244,115936,0.0,5.587,417,2.379207
20261003T142319Z,stage1_mlm,event,2026-10-03T18:37:02+00:00,15222.7,,20600,,,,,,,,,,,,,136192,,,budget recovered,,,,,,
20261003T142319Z,stage1_mlm,step,2026-10-03T18:53:41+00:00,16222.0,,20700,2725272126,2964363072,0.943529,1.361224,0.280546,1.224074,0.0004645231483458495,0.574152,12420.2,13643.8,0.142411,0.080655,136192,5,39.54,,0.0154841,124121,0.0,5.312,419,2.569031
20261003T142319Z,stage1_mlm,step,2026-10-03T19:10:58+00:00,17259.2,,20800,2737745902,2977993280,0.931648,1.344084,0.272512,1.204159,0.00046336223553139353,0.580635,12026.9,13141.9,0.137172,0.080674,136192,5,39.54,,0.01544541,124737,0.0,5.119,418,2.538689
20261003T142319Z,stage1_mlm,event,2026-10-03T19:10:58+00:00,17259.2,,20800,,,,,,,,,,,,,149504,,,budget recovered,,,,,,
20261003T142319Z,stage1_mlm,step,2026-10-03T19:29:49+00:00,18390.0,,20900,2751291244,2992958336,1.084827,1.565075,0.257869,1.342696,0.00046209488131990353,0.502036,11978.8,13234.3,0.138136,0.080745,149504,5,42.7,,0.01540316,135453,0.0,5.225,415,2.958929
20261003T142319Z,stage1_mlm,step,2026-10-03T19:48:45+00:00,19525.6,,21000,2764850912,3007891712,1.106825,1.59681,0.258857,1.365682,0.00046083145149973076,0.491849,11940.4,13150.1,0.137258,0.080801,149504,5,58.49,,0.01536105,135596,0.0,5.208,409,3.024738
20261003T142319Z,stage1_mlm,event,2026-10-03T19:48:45+00:00,19525.6,,21000,,,,,,,,,,,,,161792,,,budget recovered,,,,,,
