assay,category,n,n_scored,n_distinct_scores,length,spearman,depth_baseline,abs_spearman,auc,mcc,seconds
Andreasson_2020_ribozyme,Ribozyme,7342,7342,6756,74,-0.09307923181544521,0.16388393334157633,0.09307923181544521,0.5533851761778377,0.0814492084920735,17.9
Beck_2022_ribozyme,Ribozyme,21321,21321,16201,69,0.0306923516871109,0.07981380557892771,0.0306923516871109,0.5112955632907861,0.025843059207078696,14.0
Domingo_2018_tRNA,tRNA,4175,4175,4170,72,0.17947092905449263,0.461129941221547,0.17947092905449263,0.5920424879797763,0.13676641754190785,6.1
Guy_2014_tRNA,tRNA,25491,25491,25347,105,0.1415188536652088,0.38678680952893324,0.1415188536652088,0.5661203530015962,0.09662233153380313,139.1
Janzen_2022_fam1a1_ribozyme,Ribozyme,1953,1953,1901,71,-0.0035335705269007246,0.10011220472046228,0.0035335705269007246,0.52174396362233,0.07322096749836401,2.0
Janzen_2022_fam1b1_ribozyme,Ribozyme,1953,1953,1907,71,0.11713594377933428,0.05178323836280227,0.11713594377933428,0.5589092152289545,0.08448516703860932,1.8
Janzen_2022_fam21_ribozyme,Ribozyme,1953,1953,1922,71,-0.28764892522525864,0.0949050952841392,0.28764892522525864,0.6545337852576472,0.24321589173951708,1.9
Janzen_2022_fam22_ribozyme,Ribozyme,1953,1953,1900,71,-0.06867776099333942,0.10341740843966835,0.06867776099333942,0.5178202132657683,0.02611394029900834,1.9
Janzen_2022_fam31_ribozyme,Ribozyme,1953,1953,1890,71,-0.08600193082348917,0.03917925777261057,0.08600193082348917,0.5416432454653758,0.04454712485527795,1.9
Kobori_2015_ribozyme_j12,Ribozyme,255,255,254,230,-0.21164026524871982,0.292259317984697,0.21164026524871982,0.6323818897637795,0.1921751968503937,0.7
Kobori_2015_ribozyme_p4,Ribozyme,255,255,255,190,-0.2294045275590551,0.6697759124082442,0.2294045275590551,0.6033464566929134,0.1294291338582677,0.6
Kobori_2015_ribozyme_tw,Ribozyme,1023,1023,1003,77,-0.019513943374677243,0.18272569231250035,0.019513943374677243,0.5174519936399218,0.03616912304305284,0.5
Kobori_2016_osa_ribozyme,Ribozyme,10296,10296,8861,54,-0.02912876174196526,0.11242310659960883,0.02912876174196526,0.5129277873894098,0.026695014930478114,6.0
Kobori_2018_ribozyme,Ribozyme,16383,16383,13749,160,-0.06744650341898104,0.18630065796524353,0.06744650341898104,0.5435858526126236,0.0549960364033314,2.2
Li_2016_tRNA,tRNA,65536,65536,65131,72,0.33888603747172186,0.6015392998499045,0.33888603747172186,0.6684341155958073,0.2535034367346098,280.1
McRae_2024_5tu_ribozyme,Ribozyme,74942,74942,63337,152,0.08153881345290238,0.5117553096451969,0.08153881345290238,0.5418773311832804,0.06033999626377732,852.3
McRae_2024_t1_ribozyme,Ribozyme,47503,47503,36841,135,0.08109681674163309,0.3696791169707699,0.08109681674163309,0.5382287523544593,0.0534492554170026,400.7
Peri_2022_ribozyme,Ribozyme,16383,16383,12333,197,0.2045453600922399,0.4132670275140106,0.2045453600922399,0.571813453671522,0.10883232287152057,2.4
Pitt_2010_ribozyme,Ribozyme,186,186,160,87,0.06078826403624083,,0.06078826403624083,0.5245115042201411,0.053763440860215055,0.7
Roberts_2023_HDV_ribozyme,Ribozyme,33930,33930,26190,87,0.14700394236772815,0.06301195787322811,0.14700394236772815,0.580234514848623,0.11128795060407883,26.0
Roberts_2023_cepeb3_ribozyme,Ribozyme,21321,21321,16201,69,0.0387715603165306,0.0791675886972933,0.0387715603165306,0.5171291778541591,0.03531728282084998,13.6
Roberts_2023_hh_ribozyme,Ribozyme,9045,9045,7870,45,0.05115344300998471,0.10082220601326997,0.05115344300998471,0.5387886015385709,0.05008290712866363,5.4
Roberts_2023_hp_ribozyme,Ribozyme,22578,22578,18095,71,0.012468761464934608,0.06559271435793296,0.012468761464934608,0.5068968652688945,0.006289308176100629,14.8
Roberts_2023_tw_ribozyme,Ribozyme,10296,10296,8787,48,-0.09855119980270668,0.110289467887399,0.09855119980270668,0.5590073075504312,0.0811965811965812,6.0
Soo_2021_ribozyme,Ribozyme,63430,63430,46195,425,0.106196954134169,0.0882629980337931,0.106196954134169,0.55554971312694,0.07728204319722529,9.9
Tome_2014_GFP_aptamer,Aptamer,417,417,413,82,0.14062190492712032,-0.3404210355985236,0.14062190492712032,0.5821793338240707,0.1270933014354067,2.1
Tome_2014_NELFE_aptamer,Aptamer,2652,2652,2522,70,-0.0202296852909602,0.10578162457332271,0.0202296852909602,0.5025906057979521,0.01432881252113279,6.3
Zhang_2020_cpeb3_ribozyme,Ribozyme,111417,111417,78348,81,-0.008927424745143487,0.45284282371103646,0.008927424745143487,0.5038595183768975,0.0023429979647608414,537.4
Zhang_2024_OR4K15_ribozyme,Ribozyme,61393,61393,46656,140,0.1113120140020036,0.2590194537813821,0.1113120140020036,0.5542317011222704,0.07794054657550922,568.8
Zhang_2024_line1_full_ribozyme,Ribozyme,69583,69583,51943,146,0.0049905648000959845,0.21075907192926743,0.0049905648000959845,0.5097802726619657,0.012143901022022244,658.3
Zhang_2024_line1_mini_ribozyme,Ribozyme,149710,149710,102481,46,-0.003122538875080984,0.2604112122647538,0.003122538875080984,0.5009460004514608,0.0036474254777301286,414.8
