assay,category,n,n_scored,n_distinct_scores,length,spearman,abs_spearman,auc,mcc,seconds
Andreasson_2020_ribozyme,Ribozyme,7342,7342,7341,74,0.008839910204357038,0.008839910204357038,0.5225963605132915,0.005175701443748297,3.2
Beck_2022_ribozyme,Ribozyme,21321,21321,21309,69,0.1097268798606937,0.1097268798606937,0.5561065679786834,0.08681580974873973,1.5
Domingo_2018_tRNA,tRNA,4175,4175,4175,72,0.4721617889743044,0.4721617889743044,0.7323159515115465,0.3370059499877916,1.2
Guy_2014_tRNA,tRNA,25491,25491,25484,105,0.3395242121490638,0.3395242121490638,0.6614708220914631,0.2483621643134067,1.6
Janzen_2022_fam1a1_ribozyme,Ribozyme,1953,1953,1953,71,0.1081232178204003,0.1081232178204003,0.5276387653740959,0.008704297196167592,1.1
Janzen_2022_fam1b1_ribozyme,Ribozyme,1953,1953,1953,71,0.17044045867008378,0.17044045867008378,0.5853765709683374,0.10906274644696881,1.3
Janzen_2022_fam21_ribozyme,Ribozyme,1953,1953,1952,71,-0.27756119393237677,0.27756119393237677,0.6326388073225162,0.20634952262697787,1.2
Janzen_2022_fam22_ribozyme,Ribozyme,1953,1953,1953,71,0.0053766727141983635,0.0053766727141983635,0.510670629394097,0.03021020353373492,1.5
Janzen_2022_fam31_ribozyme,Ribozyme,1953,1953,1953,71,-0.06808020148747682,0.06808020148747682,0.5338041344362972,0.04659525647264124,1.3
Kobori_2015_ribozyme_j12,Ribozyme,255,255,255,230,0.1621822892542844,0.1621822892542844,0.5610236220472442,0.027436023622047244,2.1
Kobori_2015_ribozyme_p4,Ribozyme,255,255,255,190,0.6233397985178324,0.6233397985178324,0.7867864173228346,0.38822588582677164,2.0
Kobori_2015_ribozyme_tw,Ribozyme,1023,1023,1023,77,0.16349090828324633,0.16349090828324633,0.5622706702544031,0.06940282534246575,1.4
Kobori_2016_osa_ribozyme,Ribozyme,10296,10296,10295,54,0.001076064599894509,0.001076064599894509,0.5029851112916116,0.0029228118537019832,1.1
Kobori_2018_ribozyme,Ribozyme,16383,16383,16383,160,0.13088308144191887,0.13088308144191887,0.5580856328830804,0.08514923665742126,1.9
Li_2016_tRNA,tRNA,65536,65536,65525,72,0.5104190909490791,0.5104190909490791,0.7601407615669336,0.39562785956336155,1.7
McRae_2024_5tu_ribozyme,Ribozyme,74942,74942,74913,152,0.5024642179597567,0.5024642179597567,0.7341009302360043,0.34071682100824635,2.3
McRae_2024_t1_ribozyme,Ribozyme,47503,47503,47471,135,0.35356433605673226,0.35356433605673226,0.6735925685226507,0.25705744867398045,2.8
Peri_2022_ribozyme,Ribozyme,16383,16383,16383,197,0.40022617378694597,0.40022617378694597,0.6581031409044606,0.23579319742133134,2.5
Pitt_2010_ribozyme,Ribozyme,186,186,162,87,0.051720657178886416,0.051720657178886416,0.5420279801133079,0.11827956989247312,1.3
Roberts_2023_HDV_ribozyme,Ribozyme,33930,33930,33907,87,0.17431609832361533,0.17431609832361533,0.5948267214757452,0.1322723311205259,2.0
Roberts_2023_cepeb3_ribozyme,Ribozyme,21321,21321,21309,69,0.11714201473915047,0.11714201473915047,0.5608843177065396,0.09310069684651304,1.6
Roberts_2023_hh_ribozyme,Ribozyme,9045,9045,9039,45,0.06770372046352847,0.06770372046352847,0.5419815062881221,0.062023205782074285,1.2
Roberts_2023_hp_ribozyme,Ribozyme,22578,22578,22559,71,0.048646362095499794,0.048646362095499794,0.5246042732022949,0.04207635751616618,1.3
Roberts_2023_tw_ribozyme,Ribozyme,10296,10296,10290,48,-0.06364440132928426,0.06364440132928426,0.5330400223319803,0.059052059052059055,1.6
Soo_2021_ribozyme,Ribozyme,63430,63430,63363,425,0.10497688806998721,0.10497688806998721,0.5495825203426117,0.0669399337852751,3.8
Tome_2014_GFP_aptamer,Aptamer,417,417,417,82,-0.19120309777082517,0.19120309777082517,0.5614878542510122,0.08393908722856092,1.4
Tome_2014_NELFE_aptamer,Aptamer,2652,2652,2652,70,0.017802595623550917,0.017802595623550917,0.5075858397657705,0.0030165912518853697,1.7
Zhang_2020_cpeb3_ribozyme,Ribozyme,111417,111417,111335,81,0.4288981616376499,0.4288981616376499,0.7054045729900431,0.30669825173303505,2.2
Zhang_2024_OR4K15_ribozyme,Ribozyme,61393,61393,61366,140,0.26838734864343095,0.26838734864343095,0.6380361385732234,0.1992574482827104,2.7
Zhang_2024_line1_full_ribozyme,Ribozyme,69583,69583,69535,146,0.22277369243929843,0.22277369243929843,0.629865477650837,0.19012157171246627,2.7
Zhang_2024_line1_mini_ribozyme,Ribozyme,149710,149710,149519,46,0.24021126140281798,0.24021126140281798,0.6179338173238852,0.17418752741407595,2.1
